city_name,place_code,county_name,county_code,state_name,state_code,year,DP02_0119EA,DP03_0028EA,DP02_0073EA,DP02_0129EA,DP05_0020E,DP02_0107E,DP02_0111EA,DP03_0052E,DP03_0063E,DP05_0088EA,DP03_0041EA,DP03_0073E,DP05_0029E,DP03_0103E,DP02_0018E,DP02_0019E,DP05_0037EA,DP02_0142E,DP05_0013EA,DP03_0047E,DP05_0076EA,DP03_0116E,DP02_0046E,DP02_0077EA,DP03_0064E,DP02_0089E,DP03_0055E,DP05_0007EA,DP05_0028EA,DP05_0090E,DP03_0032EA,DP02_0114EA,DP02_0112EA,DP03_0102E,DP03_0071E,DP03_0051EA,DP03_0046E,DP05_0081E,DP05_0075EA,DP05_0017EA,DP02_0135EA,DP02_0125E,DP02_0146E,DP02_0072E,DP03_0113EA,DP02_0060E,DP03_0049EA,DP02_0036E,DP02_0058E,DP03_0053EA,DP03_0029EA,DP05_0082E,DP03_0018E,DP02_0109EA,DP02_0094E,DP02_0100EA,DP02_0028E,DP02_0093EA,DP03_0112EA,DP05_0063EA,DP02_0086E,DP02_0024E,DP03_0061E,DP03_0024E,DP03_0122E,DP05_0036EA,DP05_0056E,DP03_0080E,DP05_0045EA,DP02_0087EA,DP02_0147E,DP05_0057E,DP05_0062E,DP02_0110EA,DP03_0094E,DP02_0103EA,DP02_0035E,DP02_0007EA,DP03_0022E,DP02_0103E,DP03_0003E,DP02_0092E,DP05_0008E,DP03_0034EA,DP02_0077E,DP02_0051E,DP03_0131E,DP05_0079EA,DP03_0124E,DP02_0021E,DP02_0069E,DP03_0014E,DP02_0027EA,DP05_0069EA,DP03_0016E,DP03_0128EA,DP02_0048EA,DP03_0006E,DP03_0086EA,DP05_0050EA,DP05_0057EA,DP03_0085EA,DP05_0002EA,DP03_0024EA,DP03_0093E,DP02_0053EA,DP05_0072E,DP03_0118EA,DP02_0115EA,DP05_0060E,DP02_0124EA,DP03_0001EA,DP03_0131EA,DP03_0084EA,DP02_0001EA,DP05_0061E,DP03_0052EA,DP02_0065EA,DP05_0007E,DP05_0077EA,DP02_0033E,DP03_0030EA,DP03_0044E,DP03_0004EA,DP05_0048E,DP02_0031E,DP03_0096EA,DP02_0005EA,DP02_0129E,DP02_0004E,DP03_0012EA,DP05_0068E,DP03_0012E,DP02_0037EA,DP03_0072E,DP03_0106E,DP03_0119EA,DP05_0002E,DP03_0080EA,DP03_0078EA,DP03_0124EA,DP02_0143EA,DP05_0070EA,DP03_0079EA,DP02_0120E,DP02_0023E,DP02_0044E,DP02_0022E,DP02_0057E,DP03_0025E,DP05_0082EA,DP02_0101EA,DP02_0079EA,DP02_0093E,DP05_0034EA,DP02_0005E,DP03_0110E,DP03_0132EA,DP02_0015EA,DP02_0064E,DP03_0001E,DP02_0099EA,DP05_0056EA,DP03_0073EA,DP05_0051E,DP03_0127E,DP02_0013E,DP05_0091E,DP03_0123E,DP02_0006EA,DP02_0063E,DP03_0106EA,DP02_0051EA,DP02_0014EA,DP02_0090EA,DP02_0126EA,DP03_0126EA,DP02_0091E,DP03_0107EA,DP03_0117E,DP05_0018EA,DP02_0050EA,DP03_0087EA,DP02_0124E,DP05_0021EA,DP02_0105EA,DP03_0039E,DP03_0063EA,DP02_0137E,DP05_0050E,DP03_0054E,DP02_0142EA,DP03_0117EA,DP05_0047E,DP03_0037EA,DP03_0061EA,DP02_0099E,DP05_0074EA,DP02_0032EA,DP02_0031EA,DP03_0137E,DP03_0088E,DP02_0009EA,DP03_0011EA,DP05_0048EA,DP02_0127E,DP03_0027E,DP02_0056E,DP02_0007E,DP03_0034E,DP03_0111EA,DP03_0116EA,DP02_0004EA,DP03_0008E,DP05_0032E,DP05_0059E,DP02_0034EA,DP05_0067E,DP02_0136E,DP05_0083EA,DP03_0130E,DP03_0076E,DP05_0087EA,DP03_0023E,DP02_0078E,DP03_0021EA,DP02_0152E,DP02_0057EA,DP03_0013EA,DP03_0057E,DP03_0112E,DP05_0035E,DP03_0082E,DP02_0029EA,DP02_0036EA,DP02_0139E,DP02_0153EA,DP05_0052EA,DP02_0043EA,DP03_0136EA,DP05_0022E,DP05_0087E,DP02_0139EA,DP02_0146EA,DP02_0056EA,DP05_0089E,DP03_0019EA,DP03_0041E,DP05_0009E,DP02_0145E,DP05_0029EA,DP05_0035EA,DP03_0055EA,DP02_0032E,DP05_0030EA,DP02_0116EA,DP02_0002E,DP03_0007E,DP05_0016EA,DP02_0008EA,DP05_0086E,DP03_0051E,DP05_0008EA,DP05_0080EA,DP05_0003E,DP03_0057EA,DP03_0005EA,DP02_0089EA,DP03_0090E,DP05_0032EA,DP02_0108EA,DP05_0065E,DP03_0071EA,DP03_0136E,DP02_0041EA,DP03_0027EA,DP03_0111E,DP02_0152EA,DP02_0010EA,DP03_0006EA,DP03_0009EA,DP03_0075EA,DP02_0119E,DP03_0123EA,DP02_0086EA,DP05_0038E,DP05_0074E,DP03_0096E,DP05_0014E,DP05_0088E,DP03_0075E,DP02_0063EA,DP02_0128EA,DP03_0054EA,DP02_0101E,DP03_0076EA,DP03_0100E,DP02_0050E,DP05_0046EA,DP03_0053E,DP02_0040E,DP03_0046EA,DP02_0117EA,DP05_0013E,DP03_0005E,DP03_0045EA,DP03_0007EA,DP03_0019E,DP03_0089E,DP02_0095EA,DP05_0019EA,DP02_0075E,DP03_0066E,DP02_0061E,DP02_0076EA,DP02_0066EA,DP02_0132E,DP02_0067EA,DP05_0036E,DP03_0101E,DP02_0052E,DP02_0082E,DP02_0114E,DP02_0087E,DP03_0014EA,DP02_0102EA,DP02_0083EA,DP05_0055EA,DP05_0068EA,DP03_0056E,DP05_0015E,DP02_0091EA,DP05_0004E,DP02_0016EA,DP05_0010EA,DP02_0030E,DP02_0084E,DP02_0042EA,DP02_0132EA,DP03_0011E,DP02_0058EA,DP05_0027EA,DP05_0024EA,DP02_0038E,DP03_0097E,DP05_0059EA,DP03_0135EA,DP02_0098EA,DP02_0109E,DP03_0099E,DP02_0121EA,DP05_0075E,DP03_0092EA,DP05_0047EA,DP02_0043E,DP03_0132E,DP05_0031E,DP03_0033E,DP05_0078EA,DP05_0011E,DP02_0117E,DP03_0070EA,DP02_0121E,DP03_0036EA,DP03_0002EA,DP05_0051EA,DP02_0081EA,DP02_0049E,DP03_0062E,DP03_0003EA,DP02_0141EA,DP02_0150E,DP03_0081EA,DP02_0042E,DP03_0104E,DP03_0029E,DP03_0018EA,DP03_0059E,DP05_0067EA,DP05_0090EA,DP03_0115EA,DP05_0061EA,DP03_0098EA,DP03_0030E,DP05_0058EA,DP02_0123E,DP02_0009E,DP05_0054E,DP02_0147EA,DP02_0038EA,DP02_0153E,DP02_0081E,DP02_0078EA,DP03_0058E,DP05_0033EA,DP02_0035EA,DP02_0108E,DP02_0059EA,DP02_0014E,DP03_0060E,DP05_0042EA,DP02_0011E,DP02_0085EA,DP02_0127EA,DP05_0005E,DP02_0071EA,DP05_0024E,DP02_0080E,DP05_0046E,DP03_0021E,DP03_0035EA,DP02_0070E,DP05_0085E,DP02_0060EA,DP03_0048EA,DP03_0115E,DP03_0083E,DP03_0133EA,DP03_0017EA,DP03_0022EA,DP05_0044EA,DP02_0074E,DP02_0017E,DP05_0091EA,DP02_0144EA,DP05_0006EA,DP02_0095E,DP03_0010EA,DP03_0120EA,DP03_0133E,DP02_0070EA,DP02_0064EA,DP03_0020EA,DP05_0044E,DP03_0060EA,DP02_0097EA,DP02_0148EA,DP05_0071EA,DP02_0075EA,DP03_0039EA,DP02_0090E,DP02_0082EA,DP02_0110E,DP02_0061EA,DP02_0052EA,DP02_0092EA,DP03_0047EA,DP05_0076E,DP02_0074EA,DP03_0114EA,DP05_0039E,DP05_0078E,DP02_0071E,DP02_0028EA,DP02_0024EA,DP02_0096EA,DP03_0087E,DP02_0045EA,DP03_0135E,DP05_0033E,DP02_0076E,DP03_0079E,DP05_0026E,DP02_0029E,DP03_0062EA,DP03_0070E,DP03_0074EA,DP03_0105E,DP03_0042E,DP05_0023EA,DP02_0150EA,DP02_0145EA,DP02_0118EA,DP05_0010E,DP02_0034E,DP03_0129E,DP03_0010E,DP03_0065EA,DP02_0046EA,DP03_0134E,DP03_0105EA,DP02_0149E,DP05_0062EA,DP03_0028E,DP02_0026EA,DP03_0118E,DP03_0084E,DP02_0069EA,DP02_0154E,DP05_0040E,DP02_0017EA,DP05_0081EA,DP02_0072EA,DP05_0018E,DP05_0063E,DP03_0056EA,DP05_0079E,DP02_0125EA,DP02_0073E,DP02_0135E,DP02_0008E,DP03_0107E,DP05_0049E,DP03_0121EA,DP03_0122EA,DP02_0122E,DP02_0040EA,DP02_0134EA,DP02_0149EA,DP03_0049E,DP02_0140E,DP05_0084EA,DP02_0107EA,DP02_0080EA,DP02_0116E,DP02_0138E,DP03_0097EA,DP05_0043EA,DP02_0105E,DP05_0011EA,DP02_0041E,DP05_0045E,DP03_0037E,DP02_0047E,DP02_0144E,DP02_0049EA,DP02_0030EA,DP02_0039E,DP05_0073E,DP05_0043E,DP02_0131EA,DP02_0096E,DP03_0043EA,DP05_0004EA,DP03_0008EA,DP02_0084EA,DP05_0034E,DP05_0001EA,DP02_0045E,DP05_0025EA,DP03_0069EA,DP05_0086EA,DP05_0021E,DP02_0015E,DP03_0040E,DP03_0095E,DP03_0038E,DP05_0060EA,DP03_0086E,DP03_0031E,DP02_0044EA,DP02_0003EA,DP02_0133EA,DP05_0019E,DP03_0125E,DP05_0012EA,DP05_0085EA,DP03_0015E,DP03_0091E,DP03_0032E,DP03_0110EA,DP02_0141E,DP03_0091EA,DP03_0031EA,DP03_0035E,DP02_0138EA,DP02_0011EA,DP03_0099EA,DP05_0028E,DP05_0037E,DP03_0033EA,DP03_0103EA,DP03_0043E,DP03_0067E,DP02_0021EA,DP03_0130EA,DP02_0066E,DP03_0023EA,DP05_0001E,DP05_0041E,DP03_0045E,DP03_0114E,DP05_0040EA,DP02_0085E,DP02_0062E,DP05_0069E,DP03_0127EA,DP02_0001E,DP03_0020E,DP05_0066EA,DP03_0083EA,DP05_0003EA,DP02_0130EA,DP05_0071E,DP05_0009EA,DP03_0126E,DP03_0108E,DP05_0064EA,DP02_0112E,DP02_0097E,DP03_0068EA,DP03_0081E,DP05_0080E,DP02_0002EA,DP02_0094EA,DP05_0016E,DP02_0023EA,DP02_0151E,DP05_0042E,DP03_0015EA,DP02_0137EA,DP03_0026E,DP02_0106E,DP03_0102EA,DP03_0050E,DP03_0095EA,DP03_0072EA,DP02_0020E,DP03_0128E,DP03_0044EA,DP03_0100EA,DP05_0026EA,DP03_0077EA,DP02_0018EA,DP02_0010E,DP05_0073EA,DP02_0019EA,DP03_0017E,DP02_0079E,DP05_0006E,DP02_0059E,DP02_0115E,DP05_0089EA,DP02_0054E,DP03_0048E,DP02_0003E,DP02_0065E,DP02_0151EA,DP05_0058E,DP02_0006E,DP03_0121E,DP02_0037E,DP03_0025EA,DP03_0089EA,DP03_0094EA,DP02_0012E,DP03_0009E,DP03_0058EA,DP03_0088EA,DP02_0033EA,DP03_0078E,DP05_0014EA,DP03_0085E,DP03_0050EA,DP02_0012EA,DP02_0123EA,DP05_0025E,DP05_0020EA,DP02_0022EA,DP02_0148E,DP02_0027E,DP02_0039EA,DP02_0055E,DP02_0143E,DP05_0015EA,DP05_0049EA,DP02_0088EA,DP05_0065EA,DP02_0048E,DP02_0047EA,DP03_0134EA,DP03_0067EA,DP02_0020EA,DP03_0068E,DP05_0030E,DP03_0109E,DP02_0113E,DP03_0104EA,DP05_0031EA,DP03_0082EA,DP03_0069E,DP02_0133E,DP05_0084E,DP02_0062EA,DP05_0053E,DP02_0054EA,DP05_0005EA,DP03_0002E,DP03_0119E,DP05_0066E,DP05_0055E,DP05_0077E,DP03_0064EA,DP03_0077E,DP02_0016E,DP03_0016EA,DP03_0042EA,DP05_0070E,DP02_0136EA,DP03_0125EA,DP03_0120E,DP03_0059EA,DP02_0113EA,DP02_0140EA,DP02_0013EA,DP02_0025E,DP02_0104EA,DP03_0013E,DP03_0004E,DP03_0092E,DP02_0068E,DP02_0122EA,DP02_0098E,DP03_0113E,DP05_0012E,DP02_0131E,DP03_0093EA,DP02_0083E,DP05_0023E,DP03_0109EA,DP02_0128E,DP05_0022EA,DP05_0083E,DP03_0026EA,DP03_0098E,DP05_0053EA,DP05_0064E,DP02_0104E,DP03_0074E,DP02_0026E,DP03_0040EA,DP03_0108EA,DP02_0055EA,DP05_0052E,DP05_0038EA,DP03_0090EA,DP02_0130E,DP02_0134E,DP05_0017E,DP02_0068EA,DP05_0039EA,DP03_0065E,DP03_0137EA,DP02_0111E,DP03_0129EA,DP02_0120EA,DP02_0118E,DP02_0088E,DP03_0038EA,DP03_0066EA,DP05_0054EA,DP05_0027E,DP02_0126E,DP05_0072EA,DP02_0154EA,DP02_0025EA,DP02_0067E,DP02_0100E,DP03_0036E,DP02_0106EA,DP05_0041EA,DP02_0102E,DP02_0053E,DP03_0101EA
berkeley,06000,alameda,001,california,06,2020,,,,,108840,14219,,3436,160156,,,6847,19335,59403,108707,45788,,3094,,43822,,17919,87,,36702,95299,2418,,,44862,,,,82288,10346,,62190,213,,,,3153,1621,12127,,1623,,4421,33105,,,25134,60403,,26086,,403,,,,4071,18948,12659,16998,-888888888,,43,1011,,,1778,6333,2814,,82772,,2454,,8114,10936,65788,35354,13225,,19144,282,-888888888,,-888888888,3518,106608,4514,,,9199,(X),,17,,,,,,,102565,,121385,,,363,,,(X),,,5052,,,4063,,18225,,3561,,1347,56570,,,1162,3500,,2219,32436,,956,50706,(X),59388,,,(X),,,,13340,4365,1011,19311,3615,30.4,,,,2519,,381,2864,(X),,3122,108840,,,,2614,-888888888,3487,47918,-888888888,,8890,,,,,,(X),57426,,5050,,,,121385,,,3519,,5038,927,2355,,,1720,,,2519,,,,-888888888,63310,,,,310,42215,5853,281,1924,,,,65788,82.4,1254,,12021,10072,,-888888888,320,,4261,5143,,45788,,,5212,964,11925,1555,,,1615,,,,(X),90759,7204,,,,92780,,13873,19248,124,,,,30464,,,16732,43035,,,813,45788,,,61997,,,,62537,,,121385,,-888888888,,,2013,,,,(X),,1366,(X),,9428,8611,117569,5850,50854,21268,,,,1661,,19642,415,,1495,16,,,6101,3598,,,17734,24520,,,87187,11483,1360,,,454,,109460,437,346,27896,34726,3501,,,,,,3518,12164,,95.8,,,3479,15333,,,32436,,,,132,99493,,(X),,347,3505,,653,,,37,-888888888,10601,254,,13023,2089,,3652,,,,,271,104716,,,700,,12,56293,9094,,6300,,,,,,1680,,398,1999,54,,,44670,31397,,3706,,,1196,,8792,4689,,1020,,,3841,,19335,89282,11844,10649,,2469,8017,,,21959,2976,(X),,,,299,2.90,,,,26086,,(X),-888888888,,,,25255,,,,,,,92780,,4366,,,,,208,,,843,106731,121074,,,,229132,,-888888888,121385,6685,728,51674,667,,1370,,54419,19539,,,,,20805,1006,-888888888,56084,,,-888888888,,1237,,6723,,926,2759,,43124,46,,,,32.5,183,,63018,,14743,766,7257,4837,2329,(X),(X),1671,,,,5726,2827,,,,10225,490,,,26086,,0,4474,3909,42,2168,,,5,14654,0,,11966,,,,,109460,,415,,,,106625,13741,3565,121074,1517,,177068,2478,,,,14760,-888888888,,,3522,94432,62190,,633,,,2665,,,,94.0,67352,,,4956,24459,,(X),31431,,121385,0,2300,22885,,11262,5258,31581,(X),45788,2647,,,,,10471,,-888888888,1874,,117544,14120,,1814,9153,,,5380,,396,13,,,62190,4936,,50,,,16777,-888888888,,,,,,14305,,,6804,120679,3848,77160,7505,,1450,12592,6347,25476,,11925,11251,-888888888,619,,,,8222,-888888888,,,,542,,9404,,,,106625,,,709,18942,,1024,1055,,,,,15,,(X),,,9113,8734,3110,82818,,,,52053,10414,1012,,60,,,65805,-888888888,77937,92,5182,,159,2.37,,,563,,(X),-888888888,,,,,53063,,30806,62190,47464,56907,,28605,246,12046,3060,,12563,22754,,536,,184,,32380,,124,15150,3241,29572,,,,249,,,11382,777,1791,,,158897,(X),1022,(X),,9490,121385,,,,54951,1460,,,,74177,858,608,,,26086,45047,
berkeley,06000,alameda,001,california,06,2012,,,,,18771,315,,4911,101774,,,5226,108949,56698,45569,15518,,2899,,35609,,23776,17,,35914,53816,3053,,,,,,,85774,9284,,56064,49342,,,,722,787,14662,,1624,,870,71341,,,,54583,,9903,,659,,,,115688,49616,5849,5667,-888888888,,3268,1218,,,559,142,26953,,59751,,5045,,8863,24070,61109,24070,20277,,4246,113,-888888888,,-888888888,3961,3724,5016,,,8767,(X),,98,,,,,,,71596,,64553,,,11669,,,(X),,,1878,,,11894,,560,,2676,,56,28661,,,2939,15435,,430,30648,,997,45860,(X),55990,,,(X),,,,1502,3351,174,20982,35263,27.3,,,,24070,,5726,3315,(X),,23169,102800,,,,29,-888888888,8470,,-888888888,,2914,,,,,,(X),2117,,3756,,,,1495,,,2420,,2005,72,3625,,,258,,,1828,,,,-888888888,42406,,,,1340,37428,3012,547,1523,,,,61109,72025,77676,,7924,453,,-888888888,899,,5385,114875,,-888888888,,,6374,753,44,2246,,,798,,,,(X),101000,,,,,,,10951,19696,1626,,,,16791,,,20053,41593,,,,45569,,,59698,,,,39572,,,115688,,-888888888,,,2688,(X),,,(X),,4525,(X),,77,330,106270,9095,,20053,,,,4778,,14662,129,,2993,0,,,6294,5045,,,19422,25516,,,4533,10609,5806,,(X),609,(X),0,336,46762,15248,8132,91618,,,,,,4018,3943,,4446,,,53896,4002,,,30659,,,,5,94610,,(X),,517,9013,,22610,,,920,-888888888,108949,165,,11625,1127,,457,,,,,174,65283,,,-888888888,,49,52058,9085,,6450,,,,,,1560,,3263,1605,662,,,,15385,,4442,,,4407,,11476,3854,,16069,,,4177,,52593,30633,2016,11363,,115283,,,,26698,3941,(X),,,,85774,104229,,,,14167,,(X),-888888888,,,,2500,,,,,,,35685,,111242,,,,,258,,,22707,5307,9089,,,,151523,,-888888888,9853,14847,769,6516,2831,,1775,,47219,20995,,(X),,,12713,2839,-888888888,53528,,,-888888888,,213,,5986,,2378,2820,,,3135,,,,101000,526,,318,,310,5383,3467,1932,101,(X),(X),115688,,,,6442,3535,,,,7388,2947,,,12686,,19,1285,3856,55,833,,,24,9594,1868,,26187,,,,,492,,11,,,,15057,2.29,2810,115283,972,,114720,2005,,,,86689,-888888888,,,3520,60082,56064,,1294,,,2488,,,,115688,6,,,4695,17598,,(X),-888888888,,115688,10199,1840,29076,,3908,9328,253,(X),45569,3883,,,,,103124,,-888888888,4839,,29598,2117,,2312,4989,,,2019,,-888888888,1704,,,56064,755,,14,,,18199,-888888888,,,,,,25516,,,6257,80334,3553,1568,2245,,814,13999,7878,26932,(X),115688,1151,-888888888,142,,,,5186,-888888888,,,,845,,4648,,,,15057,,,757,696,,6124,105,,,,,91,,(X),,,6650,6739,4640,8354,,,,40210,823,,,6739,,,61207,-888888888,12564,661,472,,355,2.88,,,3957,,(X),-888888888,,,,,28235,,28159,56064,31449,100902,,289,1325,5956,11454,,11246,48407,,10087,,,,23018,,4713,5390,1791,17195,,,,3614,,,316,9529,31.1,,,98772,(X),81644,(X),,12576,89501,,,,8541,850,,,,-888888888,24070,673,,,19292,1549,
berkeley,06000,alameda,001,california,06,2016,,,,,107515,420,,3549,124789,,,4647,16563,59802,44978,16313,,2573,,41737,,18990,8,,36915,55446,3025,,,,,,,83811,8727,,62909,552,,,,659,798,15285,,1335,,853,75035,,,280,60828,,10427,,716,,,,120926,52589,8022,6127,-888888888.0,,217,1100,,,722,4786,221,,64182,,4695,,11132,24889,66574,24889,13273,,4190,199,-888888888.0,,-888888888.0,3941,3320,5102,,,9404,(X),,33,,,,,,,79704,,9440,,,513,,,(X),,,4122,,,4171,,421,,3270,,1585,30588,,,3107,16246,,979,33098,,729,50700,(X),59520,,,(X),,,,1302,3217,221,23705,35457,29.4,,,,24889,,6594,2843,(X),,25298,107515,,,,2060,-888888888.0,9248,,-888888888.0,,3376,,,,,,(X),2209,,4658,,,,1358,,,3132,,1707,1071,3190,,,1748,,,1835,,,,-888888888.0,48229,,,,1480,41729,3253,477,1519,,,,66574,79.2,1323,,29569,444,,-888888888.0,418,,5871,120164,,40321,,,5866,817,9072,1843,,,617,,,,(X),90273,91507,,,,48021,,13533,20021,2079,,,,17635,,,20890,40908,,,48248,44978,,,61406,,,,46857,,,12595,,-888888888.0,,,2202,,,,(X),,4193,(X),,9758,349,116067,6153,43486,20890,,,,9407,,20386,82,,2041,4,,,5986,3665,,,19621,24088,,,5938,10728,4999,,,868,,111854,316,47572,15820,9754,96037,,,,,,3587,10455,,96.9,,,55740,4424,,,33115,,,,6,99991,,(X),,770,4502,,3538,,,897,-888888888.0,9241,143,,13287,1154,,248,,,,,221,80912,,,44978,,45,56635,9667,,7278,,,,,,1357,,3075,1582,132,,,,14145,,3969,,,4333,,12177,4451,,15010,,,4463,,16563,29965,11227,14373,,120569,6747,,,22822,4442,(X),,,,88912,108098,,,,14462,,(X),-888888888.0,,,,24404,,,,,,,38382,,116463,,,,,107154,,,636,9551,10522,,,,178918,,-888888888.0,120926,16372,736,51137,3084,,1478,,54054,21873,,,,,21803,2401,-888888888.0,55332,,,-888888888.0,,349,,7496,,1187,2900,,,64,,,,30.8,120926,,346,,394,5207,3323,4134,2398,(X),(X),120926,,,,7187,3533,,,,9193,3544,,,13582,,18,4315,4238,76,1471,,,23,445,26,,27098,,,,,111854,,54,,,,105609,2.40,3125,120569,1314,,134708,2660,,,,15317,-888888888.0,,,3827,73660,62909,,1200,,,2474,,,,93.9,71710,,,5699,20338,,(X),72287,,120926,13,1791,24009,,4274,9140,6259,(X),44978,3704,,,,,13772,,-888888888.0,2581,,34638,2209,,2284,24238,,,4275,,43131,36,,,62909,771,,97,,,19161,-888888888.0,,,,,,24088,,,7173,85925,3963,1413,1962,,795,13888,8653,29474,,9072,1321,-888888888.0,172,,,,4996,-888888888.0,,,,715,,6210,,,,105609,,,1155,765,,6364,73,,,,,83,,(X),,,6916,7322,3167,7557,,,,49682,877,384,,63,,,66607,-888888888.0,2241,148,65056,,242,2.89,,,120926,,(X),-888888888.0,,,,,29829,,31246,62909,32487,105576,,374,324,11243,11912,,11396,20516,,9470,,7131,,28350,,79628,5013,2018,18195,,,,560,,,529,8975,1833,,,118291,(X),81825,(X),,14389,93828,,,,54472,780,,,,54772,24889,798,,,15482,1703,
minneapolis,43000,hennepin,053,minnesota,27,2021,,,,,353178,14760,,10888,108980,,,3717,45680,242049,408048,185674,,3811,,199149,,23463,170,,156902,365096,12665,,,163415,,,,290029,10273,,244212,3833,,,,7363,32008,47229,,14708,,18802,49630,,,21998,239114,,61781,,2108,,,,16377,35116,23485,46958,-888888888,,12,5952,,,25760,19086,9917,,62948,,7589,,15310,20392,259198,134052,27687,,43545,867,-888888888,,-888888888,18369,344833,27960,,,48971,(X),,368,,,,,,,70073,,426877,,,3615,,,(X),,,4932,,,21259,,59948,,10819,,389,173661,,,5240,18145,,13186,122275,,11422,188322,(X),218662,,,(X),,,,14339,18666,3384,93678,16910,22.9,,,,6023,,2891,10856,(X),,20997,353178,,,,9281,-888888888,10652,156216,-888888888,,46165,,,,,,(X),225021,,21590,,,,426877,,,5066,,11243,1718,11835,,,698,,,6023,,,,-888888888,48373,,,,4611,135085,35160,2295,7212,,,,259198,84.9,7970,,92053,44790,,-888888888,2440,,10365,13519,,185674,,,29217,6188,33205,9377,,,39271,,,,(X),321548,19258,,,,319631,,39417,42424,1038,,,,84680,,,56393,93612,,,2239,185674,,,208215,,,,58035,,,426877,,-888888888,,,4969,,,,(X),,1918,(X),,79138,22751,397352,20952,198971,80275,,,,3825,,89263,1275,,8521,43,,,22029,14986,,,130902,105399,,,297734,34056,11711,,,3142,,393672,2627,527,92173,84456,3312,,,,,,18264,29474,,105.0,,,15996,36948,,,122282,,,,1269,292416,,(X),,147,25485,,1932,,,44,-888888888,24700,1193,,62141,12263,,5553,,,,,732,76332,,,2392,,50,228937,41341,,30825,,,,,,7844,,12348,6885,98,,,177999,95485,,23104,,,25082,,40515,16870,,8333,,,24883,,45680,326255,4471,21160,,12016,21497,,,43118,15876,(X),,,,3669,3.10,,,,61781,,(X),-888888888,,,,22201,,,,,,,359073,,16095,,,,,1030,,,5231,384810,422837,,,,144046,,-888888888,426877,30041,4175,177395,2678,,10505,,213413,65290,,,,,92299,2642,-888888888,171730,,,-888888888,,1818,,36836,,4862,10523,,166053,30,,,,32.8,1944,,256323,,81558,958,39201,29568,1898,(X),(X),30872,,,,12074,17053,,,,28741,730,,,61781,,7,3746,25644,191,6170,,,15,42067,585,,33675,,,,,393672,,1275,,,,345201,34365,19554,422837,9220,,109514,23106,,,,81676,-888888888,,,21315,79309,244212,,467,,,23706,,,,105.7,267854,,,24476,21403,,(X),61395,,426877,2461,7670,47980,,20571,40054,28721,(X),185674,14419,,,,,31275,,-888888888,15524,,401994,28106,,9913,78427,,,11391,,1453,27,,,244212,4556,,364,,,56545,-888888888,,,,,,57824,,,36824,421740,23220,287404,32082,,6635,32625,24092,92374,,33205,53312,-888888888,5188,,,,36717,-888888888,,,,3516,,16874,,,,345201,,,1966,62998,,4659,2160,,,,,182,,(X),,,26038,20980,13112,317538,,,,32374,87631,2613,,9,,,259566,-888888888,297199,43,16354,,1629,2.20,,,675,,(X),-888888888,,,,,183854,,115760,244212,45438,153769,,67804,2256,44303,11449,,55225,58295,,5106,,119,,139417,,571,41389,22562,100074,,,,162,,,29083,1572,4815,,,111015,(X),1141,(X),,10504,426877,,,,167806,3822,,,,260985,2198,4945,,,61781,112994,
minneapolis,43000,hennepin,053,minnesota,27,2013,,,,,44825,226,,17303,75185,,,3079,380403,231211,168385,50709,,5450,,183136,,23980,531,,140928,206544,15792,,,,,,,282085,9523,,222453,180989,,,,5053,1544,81109,,14534,,6375,263897,,,286421,217958,,25572,,2333,,,,399950,165524,9612,11333,-888888888,,3528,8194,,,1647,1182,28780,,45207,,18363,,15162,61918,240754,61918,40075,,11334,831,-888888888,,-888888888,21238,16133,31929,,,44584,(X),,65,,,,,,,49630,,241066,,,83922,,,(X),,,11647,,,25773,,3252,,10177,,39,78222,,,11509,50650,,1503,115539,,11714,168486,(X),201739,,,(X),,,,21585,15131,1612,49982,50267,22.7,,,,61918,,21875,12894,(X),,76310,325852,,,,63,-888888888,40703,,-888888888,,17865,,,,,,(X),4181,,23068,,,,1687,,,5362,,40332,16,17438,,,118,,,3771,,,,-888888888,32647,,,,5504,107853,16080,3165,6308,,,,240754,260948,277717,,26216,627,,-888888888,4774,,11245,394236,,-888888888,,,27631,7138,6,9716,,,414,,,,(X),318702,,,,,,,34044,87512,26759,,,,55962,,,76077,85033,,,,168385,,,198211,,,,38869,,,399950,,-888888888,,,6101,(X),,,(X),,7925,(X),,922,4613,353727,20362,,76077,,,,10284,,81109,1129,,9985,18,,,18554,18301,,,133826,92308,,,27500,29346,43760,,(X),1222,(X),2478,4824,111218,34263,30779,338032,,,,,,21056,9324,,27749,,,164221,15644,,,115539,,,,31,261250,,(X),,955,41791,,24004,,,4763,-888888888,380403,1036,,47266,1705,,11209,,,,,1612,51480,,,-888888888,,37,213850,45416,,21874,,,,,,8660,,9147,12294,7276,,,,56304,,19362,,,21162,,25878,8332,,67109,,,23305,,158627,90567,11197,28524,,395518,,,,44651,13163,(X),,,,282085,381867,,,,36346,,(X),-888888888,,,,2479,,,,,,,127307,,372201,,,,,100,,,24091,17479,42669,,,,97552,,-888888888,73216,32324,5724,15200,14276,,10654,,188017,59468,,(X),,,54171,8422,-888888888,162183,,,-888888888,,1236,,41439,,6223,5826,,,3612,,,,318702,948,,500,,3835,9945,19120,22935,0,(X),(X),399950,,,,10949,4573,,,,9919,15005,,,16013,,74,1791,23129,210,28462,,,55,71925,461,,66099,,,,,5310,,321,,,,34472,2.27,17661,395518,7389,,69763,19085,,,,297119,-888888888,,,22855,54728,222453,,1942,,,19012,,,,399950,10,,,28493,16109,,(X),-888888888,,399950,3913,5659,50874,,4743,47096,564,(X),168385,17868,,,,,360093,,-888888888,25833,,78466,4181,,11950,16979,,,4786,,-888888888,638,,,222453,19138,,236,,,91553,-888888888,,,,,,92308,,,32195,298926,19151,15566,17573,,4590,28132,37334,48766,(X),399950,6307,-888888888,2396,,,,13493,-888888888,,,,6189,,7389,,,,34472,,,2142,2245,,33372,799,,,,,550,,(X),,,15863,19547,17361,38412,,,,21760,1364,144330,,19547,,,240819,-888888888,39857,3505,906,,3152,3.15,,,11574,,(X),-888888888,,,,,90277,,106978,222453,31067,318637,,410,4467,21922,88987,,18619,160075,,23063,,142091,,122058,,18277,4424,26247,56393,,,,16720,,,2651,42071,31.9,,,77979,(X),293735,(X),,16183,333851,,,,19272,4469,,,,-888888888,61918,4715,,,51634,6909,
minneapolis,43000,hennepin,053,minnesota,27,2009,,,(X),,40314,115,,19334,68190,,,3139,367515,-888888888,168273,47739,,5674,,167699,,-888888888,472,(X),139926,200202,16713,,,,,,,-888888888,8313,,207205,184414,,,,5056,1423,-888888888,(X),16239,,6324,250683,,,,202386,,20301,,2626,,(X),,381833,159099,7448,10017,-888888888,,2506,8652,,,1683,1297,23870,,42311,,18761,,12885,56744,228833,56744,40099,,-888888888,1063,-888888888,,-888888888,19690,17953,28940,,,42029,(X),,81,,,,,,,47039,,238110,(X),,75883,,,(X),,,11925,,,26857,,3137,,9728,,63,75058,(X),,12455,47751,,1538,108873,,10721,-888888888,(X),191517,,,(X),,,,17939,15293,2263,44029,51259,22.1,,,,56744,,20364,-888888888,(X),,70306,313687,,,,10,-888888888,40727,,-888888888,,15490,(X),,,,,(X),3041,(X),-888888888,,,,2184,,,5766,,42071,40,18448,,(X),113,,,2298,,,,-888888888,30693,,,,6447,94446,17264,3562,6285,(X),(X),,228833,261415,273464,,23801,856,,-888888888,5653,,9726,376281,,,,,29203,-888888888,127,9964,,,273,,,,(X),306033,,,,,,,31069,79458,28747,,,,51626,,,75175,84773,,,,168273,,,190316,,,,36700,,,381833,,-888888888,,,-888888888,,,,(X),,6880,(X),,1225,6333,-888888888,16217,,75175,,,,28002,,-888888888,1680,,10247,32,,,15737,21628,,,124169,93098,,,-888888888,28439,46026,(X),(X),1418,(X),3641,-888888888,108502,31661,28787,325089,,,,,,22336,10249,,26017,,,158540,14766,,,108911,,,,33,-888888888,,(X),,1187,-888888888,,20816,,,4760,-888888888,367515,632,,48601,2191,,8921,,,,,2263,47478,,,,,30,-888888888,47449,,18762,,,(X),,(X),9093,,6383,13157,5454,,,,60217,,18672,,,20088,,23833,7110,,69646,,,20586,(X),152725,91878,9496,28434,,-888888888,,,,-888888888,11967,(X),,,,-888888888,364371,,,,36443,,(X),-888888888,(X),,,1991,,,,,(X),,121846,,355816,,,,,102,(X),(X),20862,12139,-888888888,,,,87951,,-888888888,67495,-888888888,6323,13464,13728,,8614,,-888888888,53394,,,,,52969,9958,-888888888,156531,,,-888888888,(X),1091,,37929,,-888888888,4851,,,2716,,,(X),306033,405,,249,,-888888888,9229,20521,-888888888,0,(X),(X),381833,,,,11348,4315,,,,9750,14571,(X),,14450,,80,1433,24102,313,26972,,,57,66829,1012,,59785,,,,,7128,,485,,,,32306,2.17,16610,-888888888,7116,,64276,18288,,,,283749,-888888888,,,20120,50225,207205,(X),4661,,,17195,,,(X),381833,0,,(X),25014,14831,,(X),-888888888,,381833,3614,5385,-888888888,,3950,47037,506,(X),168273,17155,,,,,345114,,-888888888,-888888888,,70292,3041,,12188,11890,,,5840,,,600,,,207205,16460,(X),277,(X),,84640,-888888888,,(X),,,,93098,,,30455,280453,17591,13867,16451,,4497,27881,37083,41718,,381833,6903,-888888888,2470,,,,13100,-888888888,,,,6829,,5667,,,,32306,,,2650,2906,,29583,800,,,,,993,,(X),,,15864,14318,-888888888,34443,(X),,,22411,1491,,,14318,,,228914,-888888888,36719,2351,785,,3081,3.02,,,10874,,(X),-888888888,,,,,86926,,99078,207205,29764,305952,,743,-888888888,21612,89308,,16895,153308,(X),25005,,,,-888888888,,11785,4444,21537,52913,,(X),,10502,,,2630,42340,32.0,,,70528,(X),285524,(X),,13816,322048,,,,18842,5099,,,,-888888888,56744,4909,,,28742,5899,(X)
minneapolis,43000,hennepin,053,minnesota,27,2017,,,,,344225,23540,,13872,89282,,,2445,41999,239981,402649,176974,,2177,,200805,,21672,142,,149069,349507,14509,,,,,,,286309,10083,,243171,141,,,,2375,26890,46627,,15215,,20218,50281,,,1029,238178,,65579,,2211,,,,4026,39751,14892,13841,-888888888,,10,7410,,,1569,20915,952,,51892,,7815,,17648,46036,256184,5238,25920,,40012,784,-888888888,,-888888888,16019,336957,30488,,,47380,(X),,65,,,,,,,54601,,24389,,,3315,,,(X),,,4567,,,20849,,59992,,11239,,517,171709,,,23674,15898,,740,123772,,11646,182427,(X),212823,,,(X),,,,6908,20521,4167,94504,16115,23.2,,,,65579,,2837,9449,(X),,20506,344225,,,,10618,-888888888,9394,,-888888888,,47915,,,,,,(X),131342,,22164,,,,7609,,,5465,,706,1691,15414,,,917,,,1287,,,,-888888888,38808,,,,4717,123648,36122,1523,7220,,,,256184,83.1,7091,,30759,11211,,-888888888,3558,,13598,13168,,164254,,,28250,5708,20358,9939,,,16612,,,,(X),314135,305930,,,,152255,,37805,41763,33383,,,,80282,,,54859,87976,,,188017,176974,,,207501,,,,46486,,,91094,,-888888888,,,4022,,,,(X),,15386,(X),,80664,645,389286,20196,153675,78820,,,,65579,,90303,1095,,9261,50,,,22216,13013,,,144142,98154,,,293449,32560,12931,,,88049,,399966,3076,378,57920,36560,420324,,,,,,20537,26403,,102.6,,,16415,19446,,,123789,,,,1729,278465,,(X),,18775,27338,,13234,,,43,-888888888,22937,952,,57814,10844,,29220,,,,,628,62583,,,1986,,61,228548,45039,,25876,,,,,,8492,,420324,6651,0,,,147863,92763,,21755,,,217,,40265,12608,,9325,,,27313,,41999,317792,4808,31322,,13704,17126,,,41601,15479,(X),,,,3937,3.16,,,,30633,,(X),-888888888,,,,24961,,,,,,,218165,,1064,,,,,379892,,,5956,79434,416624,,,,117067,,-888888888,420324,29522,4883,170661,2273,,10265,,211368,65663,,,,,92957,3402,-888888888,170080,,,-888888888,,2462,,43354,,4727,8190,,,24,,,,32.3,420324,,4804,,83163,42259,36804,33294,2343,(X),(X),13115,,,,10715,360,,,,14697,39601,,,5310,,13,4067,24540,192,852,,,22,2164,657,,34946,,,,,399966,,1095,,,,337022,31295,18906,416624,9016,,86836,22638,,,,83302,-888888888,,,23927,64360,243171,,4558,,,21231,,,,102.6,267314,,,29279,18149,,(X),56261,,420324,2977,6956,46328,,15397,42394,22833,(X),176974,17627,,,,,40432,,-888888888,17180,,306375,70817,,11198,24812,,,10789,,176974,11,,,243171,16673,,254,,,54880,-888888888,,,,,,56516,,,37122,414581,24055,280424,31186,,7090,31397,23177,85202,,20358,49701,-888888888,5943,,,,34695,-888888888,,,,4928,,11002,,,,337022,,,1734,59817,,4838,5676,,,,,133,,(X),,,19232,19062,11433,86636,,,,27908,1432,366,,110,,,256249,-888888888,11876,36,252180,,2233,2.28,,,420324,,(X),-888888888,,,,,176398,,118309,243171,36073,141463,,5238,1984,45242,2926,,34843,53864,,5898,,17492,,143662,,285484,65579,24572,95682,,,,156,,,10600,1181,4807,,,91571,(X),393011,(X),,1840,354745,,,,166361,4500,,,,252278,3951,4899,,,19543,114446,
oakland,53000,alameda,001,california,06,2010,,,,,57076,948,,12061,77888,,,5661,372977,199002,154257,50303,,4364,,136982,,23447,484,,120346,192653,14264,,,,,,,261449,9698,,183807,172017,,,,639,839,85301,,23066,,5689,271407,,,,178694,,45522,,3712,,,,392890,153230,10672,11550,-888888888,,4671,9084,,,624,1335,72858,,50304,,19781,,7585,108109,207904,108109,26466,,17105,1942,-888888888,,-888888888,38523,15639,30767,,,49287,(X),,338,,,,,,,50140,,102225,,,116274,,,(X),,,7828,,,23269,,4935,,11843,,174,69966,,,5392,50283,,2031,100219,,8838,128899,(X),189256,,,(X),,,,6175,12259,3005,35623,32926,28.0,,,,108109,,22585,13121,(X),,58905,316941,,,,1323,-888888888,44989,,-888888888,,15440,,,,,,(X),5783,,26386,,,,3697,,,6022,,2342,848,18346,,,2496,,,5662,,,,-888888888,31930,,,,2388,77852,19348,3677,11359,,,,207904,153243,168273,,77612,638,,-888888888,5434,,7819,387681,,,,,24568,6991,279,8813,,,2108,,,,(X),307429,,,,,,,28285,66906,3593,,,,58246,,,82209,108699,,,,154257,,,203634,,,,42119,,,392890,,-888888888,,,6652,,,,(X),,31401,(X),,72,1234,323844,23815,,82209,,,,1772,,85301,1919,,12091,26,,,20812,24097,,,100657,72048,,,24759,34545,47122,,(X),973,(X),0,6007,100520,18580,80111,284781,,,,,,18229,13608,,26856,,,167912,4859,,,100273,,,,30,223742,,(X),,875,66516,,65087,,,9621,-888888888,372977,622,,51956,2347,,2620,,,,,3005,51683,,,,,36,175909,38282,,18871,,,,,,13645,,5933,12917,4015,,,,40907,,16158,,,51131,,33609,8997,,57106,,,23831,,160837,59487,9443,32009,,390360,,,,46954,11745,(X),,,,261449,386406,,,,62587,,(X),-888888888,,,,2314,,,,,,,86345,,366034,,,,,2491,,,65583,14169,44432,,,,90948,,-888888888,107130,43610,6988,18531,13834,,11098,,141575,45527,,,,,62299,14984,-888888888,165759,,,-888888888,,1503,,36440,,15493,6037,,,2240,,,,307429,4008,,784,,2568,10953,23688,15176,151,(X),(X),392890,,,,17807,5719,,,,10154,4611,,,45640,,77,7320,17595,512,7483,,,53,105767,2105,,113892,,,,,2492,,590,,,,44652,2.50,10893,390360,9004,,59459,17588,,,,293278,-888888888,,,19722,59814,183807,,1691,,,11926,,,,392890,1,,,19102,14731,,(X),-888888888,,392890,34803,7598,62447,,3218,50895,628,(X),154257,19074,,,,,293008,,-888888888,34334,,147034,5783,,12091,13385,,,7229,,,7358,,,183807,4049,,235,,,107700,-888888888,,,,,,72048,,,33524,324976,21061,32023,43052,,5659,28783,39179,43956,,392890,8238,-888888888,2045,,,,14950,-888888888,,,,9744,,7893,,,,44652,,,1592,4335,,35608,355,,,,,1419,,(X),,,21938,19913,23093,79420,,,,27041,1249,,,19913,,,208242,-888888888,99882,1965,2035,,4380,3.39,,,19611,,(X),-888888888,,,,,71032,,88887,183807,32662,307091,,121,9972,24782,21197,,13721,146592,,16449,,,,130694,,45956,5466,14363,60317,,,,42033,,,841,18261,36.2,,,81263,(X),219000,(X),,50594,278998,,,,26121,1179,,,,-888888888,108109,4031,,,106337,6979,
oakland,53000,alameda,001,california,06,2020,,,,,362881,46859,,8741,139468,,,5162,61606,232230,430715,170282,,4231,,180733,,21653,427,,138350,322738,9441,,,145450,,,,287026,10938,,233396,1642,,,,7115,13106,47943,,27003,,19512,29721,,,68934,229022,,115087,,2791,,,,5191,31014,36897,46496,-888888888,,1436,7446,,,3291,79898,13112,,74680,,12756,,7462,29101,247759,91891,21476,,60482,1598,-888888888,,-888888888,15370,353800,28672,,,51179,(X),,342,,,,,,,76153,,437825,,,1527,,,(X),,,9919,,,23264,,69367,,13807,,1923,187768,,,2136,14891,,12005,118026,,8884,178438,(X),215257,,,(X),,,,47658,41376,9073,110923,18669,31.5,,,,7946,,3074,10682,(X),,18146,362881,,,,12117,-888888888,12199,155867,-888888888,,49696,,,,,,(X),222901,,30279,,,,437825,,,9245,,12539,8230,10697,,,6698,,,7946,,,,-888888888,56628,,,,1128,121341,34412,2634,14580,,,,247759,75.8,6439,,110157,23556,,-888888888,3026,,9008,20638,,170282,,,21441,5492,43915,9244,,,3688,,,,(X),341843,22840,,,,301317,,45459,22916,241,,,,81961,,,61405,114780,,,2568,170282,,,222568,,,,75143,,,437825,,-888888888,,,5662,,,,(X),,2489,(X),,95412,78031,409662,24322,184530,91738,,,,5601,,88181,2269,,7764,48,,,25551,14363,,,110264,78544,,,291574,38057,19438,,,747,,393910,3015,1324,52437,160116,2690,,,,,,13043,36269,,96.7,,,13278,20927,,,118082,,,,1988,286556,,(X),,1592,26027,,2838,,,47,-888888888,35035,965,,71168,28560,,24488,,,,,1157,94389,,,1420,,55,219294,38611,,26115,,,,,,14510,,4847,6537,321,,,160468,55127,,17797,,,9204,,44896,18346,,7892,,,24792,,61606,377705,32750,37876,,11520,25408,,,48940,14066,(X),,,,2651,3.33,,,,115087,,(X),-888888888,,,,69491,,,,,,,314792,,48940,,,,,1475,,,5333,321275,435689,,,,160429,,-888888888,437825,24654,5028,172724,3200,,11889,,205021,53005,,,,,84335,4172,-888888888,185718,,,-888888888,,1476,,35627,,5856,10229,,151705,144,,,,37.5,1015,,126780,,83633,1336,26063,31255,3179,(X),(X),12167,,,,19490,5937,,,,86865,841,,,115087,,20,4594,19178,280,4895,,,26,116550,58,,57065,,,,,393910,,2269,,,,354142,44638,13658,435689,14582,,109997,23307,,,,83683,-888888888,,,19297,108834,233396,,2288,,,14318,,,,95.2,141569,,,20836,21140,,(X),68379,,437825,65,9730,54796,,15736,52302,84571,(X),170282,17916,,,,,98964,,-888888888,14273,,413033,58022,,11359,93447,,,17643,,2216,265,,,233396,7078,,406,,,61750,-888888888,,,,,,55383,,,34933,432832,22459,322918,60384,,6644,32767,25583,87954,,43915,38603,-888888888,5701,,,,31903,-888888888,,,,4879,,24682,,,,354142,,,1107,75834,,5357,1934,,,,,405,,(X),,,29164,26571,12936,252917,,,,38190,24930,3016,,204,,,248101,-888888888,178230,246,34206,,1779,2.53,,,4273,,(X),-888888888,,,,,179542,,111351,233396,55480,156333,,123033,2254,55936,6302,,31510,75386,,1524,,2048,,163430,,1878,85986,20081,84439,,,,2207,,,21128,1406,7694,,,144726,(X),1414,(X),,13426,437825,,,,181418,5722,,,,276477,2345,4033,,,115087,94803,
oakland,53000,alameda,001,california,06,2014,,,,,63777,902,,11311,87330,,,4551,384720,216550,158937,55570,,4782,,157544,,24050,519,,127872,202891,13946,,,,,,,276970,10296,,206415,169654,,,,970,979,83881,,24828,,6021,292651,,,271578,199475,,51174,,3182,,,,412040,163955,14320,12621,-888888888,,7102,9653,,,1079,1999,77068,,51029,,20151,,7937,112305,227583,112305,27019,,19961,1631,-888888888,,-888888888,40476,13262,30068,,,49603,(X),,182,,,,,,,51846,,112685,,,115768,,,(X),,,9187,,,20829,,4723,,13656,,488,74612,,,6098,55534,,3344,110029,,8037,146858,(X),201074,,,(X),,,,10140,14155,2712,43152,33633,31.0,,,,112305,,24503,13252,(X),,65326,336596,,,,1117,-888888888,45867,,-888888888,,17289,,,,,,(X),6459,,30141,,,,4543,,,6846,,3324,604,16053,,,2372,,,5880,,,,-888888888,34984,,,,3105,90192,17927,3895,12033,,,,227583,157414,177532,,79699,649,,-888888888,5308,,10219,406614,,-888888888,,,25081,7309,285,8855,,,1922,,,,(X),328025,,,,,,,35113,77518,3457,,,,63756,,,87513,108831,,,,158937,,,210966,,,,48247,,,412040,,-888888888,,,6465,(X),,,(X),,32086,(X),,64,1592,359638,29196,,87513,,,,12355,,83881,1868,,11551,18,,,22892,21168,,,103943,71424,,,28436,35353,46293,,(X),1138,(X),15,4344,99224,23465,85042,299735,,,,,,17668,13778,,26237,,,176544,6887,,,110052,,,,31,245913,,(X),,1280,50464,,65223,,,10432,-888888888,384720,1060,,52961,2196,,5257,,,,,2712,57778,,,-888888888,,36,196606,40021,,21628,,,,,,14413,,8800,11605,6230,,,,35964,,16970,,,51039,,37787,10409,,52975,,,23199,,170337,59429,9718,41528,,410102,,,,50202,12490,(X),,,,276970,405266,,,,61131,,(X),-888888888,,,,2250,,,,,,,90385,,385803,,,,,2278,,,65724,19440,51489,,,,99641,,-888888888,101936,49251,7685,21851,14160,,13874,,168054,48299,,(X),,,64322,13302,-888888888,174719,,,-888888888,,2435,,42211,,10218,6902,,,2179,,,,328025,4613,,666,,3092,12382,22892,25468,163,(X),(X),412040,,,,19984,5589,,,,10847,5742,,,46502,,76,8607,18316,544,10764,,,54,99471,2166,,118764,,,,,3274,,533,,,,50125,2.55,11459,410102,10038,,64555,19578,,,,315248,-888888888,,,19743,67572,206415,,1678,,,13608,,,,412040,50,,,23849,15919,,(X),-888888888,,412040,34106,7656,60420,,3600,55830,894,(X),158937,23227,,,,,302121,,-888888888,28552,,155321,6459,,12859,18774,,,7151,,-888888888,6698,,,206415,6523,,241,,,107131,-888888888,,,,,,71424,,,33789,343585,22105,32166,42508,,5253,28646,40003,50919,(X),412040,9087,-888888888,2230,,,,15674,-888888888,,,,9167,,10567,,,,50125,,,1737,4037,,35434,421,,,,,1116,,(X),,,21532,27320,19944,82047,,,,30859,1200,143747,,27320,,,227765,-888888888,109919,1446,1432,,4027,3.32,,,25982,,(X),-888888888,,,,,76016,,99830,206415,32790,327843,,579,6692,24833,23510,,16578,157688,,16824,,127831,,150210,,58898,6059,18460,66560,,,,54000,,,890,21112,36.2,,,89380,(X),230482,(X),,49292,293276,,,,28274,1384,,,,-888888888,112305,4482,,,99950,6977,
oakland,53000,alameda,001,california,06,2012,,,,,60722,917,,11930,80758,,,5274,378128,206831,155918,51939,,4300,,144689,,24567,509,,122995,200109,14148,,,,,,,270008,10149,,191072,171156,,,,959,921,84053,,23047,,5621,281250,,,,184954,,48571,,3940,,,,402339,159613,11698,12190,-888888888,,6217,9775,,,933,2032,76109,,50924,,19753,,7884,108985,216557,108985,27156,,17446,1626,-888888888,,-888888888,40085,14656,29804,,,49723,(X),,242,,,,,,,51157,,106736,,,116598,,,(X),,,9016,,,23003,,4768,,12437,,243,72570,,,5733,51923,,2710,103865,,9288,133619,(X),195766,,,(X),,,,7988,12982,2816,39443,34465,29.2,,,,108985,,22846,14065,(X),,61572,327145,,,,1301,-888888888,44991,,-888888888,,16169,,,,,,(X),6018,,28455,,,,4981,,,5739,,2748,829,17361,,,2512,,,5695,,,,-888888888,32566,,,,2761,80914,18658,3924,10666,,,,216557,159751,177563,,77180,613,,-888888888,5396,,8882,397236,,-888888888,,,25008,7353,270,8738,,,2103,,,,(X),318148,,,,,,,30123,71389,3613,,,,60459,,,84844,110346,,,,155918,,,206573,,,,43291,,,402339,,-888888888,,,7200,(X),,,(X),,31833,(X),,92,1539,335477,26230,,84844,,,,6700,,84053,1915,,12046,19,,,22788,25485,,,99918,71074,,,26128,35252,47461,,(X),904,(X),13,5336,100753,21494,81981,293354,,,,,,18407,13571,,26127,,,171796,5996,,,103898,,,,26,230330,,(X),,995,64632,,66088,,,10423,-888888888,378128,857,,52025,2450,,3520,,,,,2816,52962,,,-888888888,,36,182670,39102,,19873,,,,,,13342,,7657,12243,5182,,,,42938,,16155,,,49821,,35439,9292,,54680,,,22660,,165037,64432,9146,35330,,400109,,,,49301,12234,(X),,,,270008,395002,,,,60414,,(X),-888888888,,,,2741,,,,,,,87227,,376212,,,,,2435,,,66532,17145,46351,,,,93697,,-888888888,104908,46048,7589,20133,14444,,12981,,148165,46900,,(X),,,63185,14246,-888888888,169741,,,-888888888,,1691,,39291,,13876,6299,,,2626,,,,318148,4071,,730,,2777,11624,23932,17785,139,(X),(X),402339,,,,17634,5255,,,,11110,4984,,,46829,,74,7558,18472,655,8442,,,52,102933,2515,,115003,,,,,3035,,526,,,,47049,2.53,10884,400109,9336,,60472,18423,,,,303920,-888888888,,,19940,61455,191072,,1653,,,12607,,,,402339,43,,,21596,15449,,(X),-888888888,,402339,34510,7180,63177,,3172,54487,740,(X),155918,20750,,,,,298217,,-888888888,34505,,151524,6018,,12390,16415,,,7248,,-888888888,7436,,,191072,5122,,285,,,107617,-888888888,,,,,,71074,,,33698,329632,22143,31412,40926,,5097,28464,39013,47102,(X),402339,8989,-888888888,1819,,,,15178,-888888888,,,,9533,,8725,,,,47049,,,1512,4595,,35629,396,,,,,1126,,(X),,,21660,24211,24161,78729,,,,29206,1239,,,24211,,,216799,-888888888,104122,1653,1341,,4165,3.35,,,23492,,(X),-888888888,,,,,74417,,91782,191072,32109,317906,,323,10096,24814,21816,,15498,153111,,16387,,,,138363,,46185,5301,17693,62217,,,,41390,,,849,19647,36.2,,,83097,(X),224688,(X),,50445,287336,,,,26916,1168,,,,-888888888,108985,4275,,,102285,6904,
oakland,53000,alameda,001,california,06,2018,,,,,348494,45039,,8921,116585,,,4217,56584,225249,415937,160095,,4359,,173179,,21124,408,,131277,310609,11303,,,,,,,279049,10221,,225325,2372,,,,8269,12624,46105,,27277,,20469,30925,,,2206,220062,,111966,,2745,,,,5598,32508,25190,23818,-888888888,,1190,7913,,,2971,73000,1199,,62564,,12557,(X),7917,23332,239639,89683,19758,,55590,1641,-888888888,,-888888888,14510,340385,29978,,,48169,(X),,180,,,,,,,63752,,77756,,,1484,,,(X),,,8138,,,22226,,64934,,12927,,1635,183114,,(X),2160,14069,,4817,116454,,6333,168326,(X),204639,,,(X),,,,47280,43296,9569,108601,16770,32.9,,,,7022,,-888888888,10759,(X),,17636,348494,,,,11835,-888888888,11612,,-888888888,,50774,,,,,,(X),213904,,29130,,,,422575,,,8155,,12322,7689,11321,,,6253,,,7022,,,,-888888888,46407,,,,1137,110151,33747,-888888888,13367,,,,239639,73.5,6785,,79293,21069,,-888888888,3489,,9955,19804,,160095,,,21559,5532,35611,9637,,,3251,,,,(X),328315,286836,,,,151337,,42870,23416,144,,,,80880,,,56670,108675,,,171749,160095,,,217936,,,,64498,,,110160,,-888888888,,,5617,,,,(X),,2542,(X),,95874,1409,391106,22540,135499,86855,,,,5519,,85951,2443,,8691,46,,,24648,14314,,,109729,73240,,,283100,36050,21137,,,1079,,386964,3233,1672,51871,156933,3884,,,,,,13942,34067,,93.9,,,13233,21889,,,116488,,,,1648,271301,,(X),,1310,29484,,31963,,,40,-888888888,32616,988,,67390,31976,,25518,,,,,1257,80143,,,1427,,58,212248,39060,,25181,,,,,,15111,,4753,5821,279,,,148300,55755,,18392,,,8409,,42984,15595,,-888888888,,,26431,,56584,361811,32844,47260,,11179,20859,,,47703,13647,(X),,,,3105,3.40,,,,111966,,(X),-888888888,,,,66582,,,,,,,303587,,48910,,,,,308674,,,3802,93890,420590,,,,133755,,-888888888,422575,23196,6479,163184,3002,,12130,,194811,51919,,,,,85759,4274,-888888888,181126,,,-888888888,,1151,,38056,,6097,9465,,138295,152,,,,36.6,422575,,1430,,81900,1143,23554,30495,2757,(X),(X),11012,,,,20409,5661,,,,85417,713,,,111966,,15,3569,18919,349,4741,,,22,2773,84,,54177,,,,,386964,,2443,,,,340565,41267,13085,420590,13054,,92046,22947,,(X),,82010,-888888888,,,20032,91129,225325,,2278,,,14228,,(X),,92.0,145182,,,22898,17691,,(X),59354,,422575,66,8796,53800,,16291,49967,85214,(X),160095,21383,,,,,113901,,-888888888,17437,,396144,57789,,10902,65845,,,15596,,2582,63,,,225325,6937,,259,,,56927,-888888888,,,,,,53968,,,32690,417566,21502,309242,64789,,7899,31478,-888888888,83097,,35611,35388,-888888888,5366,,,,29852,-888888888,,,,5656,,17251,,,,340565,,,1059,69455,,4731,1941,,,,,429,,(X),,,23894,23968,13001,239211,,,,34499,23320,1525,,637,,,239819,-888888888,10103,418,120547,,2416,2.60,,,422575,,(X),-888888888,,,,,169302,,109549,225325,45736,142451,,118988,2242,52321,6324,,29982,69520,,1071,,22384,,156771,,173784,88634,14851,80867,,,,2524,,,17398,1288,6921,,,121001,(X),1361,(X),,13224,422575,,,,177381,4613,,,,260828,1503,4119,,,111966,94072,
oakland,53000,alameda,001,california,06,2016,,,,,345953,887,,9457,101853,,,4514,54497,222223,161483,56656,,5096,,168723,,21521,348,,131270,206879,12981,,,,,,,277904,10529,,220792,2529,,,,897,1089,83185,,24511,,5590,305097,,,1868,214086,,54007,,3128,,,,421042,168184,19719,14223,-888888888.0,,1218,9121,,,1257,67958,1398,,55568,,20572,,8508,116179,236412,116179,20506,,21075,1367,-888888888.0,,-888888888.0,43348,11974,29962,,,48987,(X),,117,,,,,,,57590,,78546,,,1334,,,(X),,,7570,,,22457,,4490,,13610,,1844,79165,,,6380,56889,,5342,115085,,6386,160020,(X),203786,,,(X),,,,12307,14578,2362,45876,31399,32.7,,,,116179,,24523,11330,(X),,73964,345953,,,,10707,-888888888.0,44744,,-888888888.0,,17845,,,,,,(X),6652,,29819,,,,5418,,,7847,,3516,8488,13241,,,6608,,,5726,,,,-888888888.0,40628,,,,2563,101701,17577,3305,12996,,,,236412,77.4,6624,,78302,652,,-888888888.0,4146,,10785,415874,,130994,,,23885,6238,28812,9352,,,1989,,,,(X),325245,280678,,,,148125,,40323,24463,3357,,,,64686,,,88403,109424,,,171829,161483,,,217256,,,,55084,,,113352,,-888888888.0,,,5583,,,,(X),,30575,(X),,99416,1254,383115,22377,132553,88403,,,,19360,,87617,1624,,11113,13,,,25241,15620,,,109238,73080,,,27039,36685,46623,,,1396,,392230,3595,95929,22918,87214,304863,,,,,,15924,32704,,93.8,,,181882,6232,,,115112,,,,25,260532,,(X),,1198,35969,,30081,,,10002,-888888888.0,30715,1106,,67172,2515,,6348,,,,,2362,68442,,,161483,,41,208153,38228,,23849,,,,,,15100,,7902,10833,211,,,,31922,,18062,,,52977,,40980,13252,,53238,,,26317,,54497,54840,33079,47858,,419084,19715,,,48120,12827,(X),,,,282336,414237,,,,62172,,(X),-888888888.0,,,,66182,,,,,,,91332,,394725,,,,,307908,,,3834,97053,51300,,,,116937,,-888888888.0,421042,53563,7100,162001,13945,,13299,,186671,51226,,,,,82207,12969,-888888888.0,180023,,,-888888888.0,,2951,,42485,,7561,8416,,,195,,,,36.5,421042,,1610,,3186,13127,22295,30839,2596,(X),(X),421042,,,,21310,5166,,,,12400,5445,,,47120,,62,2860,18411,385,12234,,,48,3253,63,,122831,,,,,392230,,505,,,,337731,2.57,12270,419084,11143,,76048,23278,,,,83311,-888888888.0,,,19498,78380,220792,,1750,,,14307,,,,92.2,152168,,,25063,17107,,(X),249083,,421042,77,8064,55681,,4293,54864,73846,(X),161483,23474,,,,,113134,,-888888888.0,21482,,161141,6652,,12384,65591,,,15110,,145330,137,,,220792,7695,,252,,,106874,-888888888.0,,,,,,73080,,,33905,356741,22202,31503,41681,,5001,30507,38661,55787,,28812,9219,-888888888.0,1880,,,,17386,-888888888.0,,,,7523,,14024,,,,337731,,,1622,3452,,35240,289,,,,,1124,,(X),,,21526,23782,14070,81119,,,,33535,1075,829,,731,,,236529,-888888888.0,9522,512,118713,,3510,3.34,,,421042,,(X),-888888888.0,,,,,79209,,107603,220792,39580,337614,,926,2740,53603,23815,,16686,67745,,16702,,20544,,159558,,173972,6302,16440,68450,,,,2672,,,1065,21434,6683,,,105541,(X),233584,(X),,49220,298211,,,,175730,1280,,,,129751,116179,4426,,,96819,6712,
oakland,53000,alameda,001,california,06,2022,,,,,362881,46859,,8741,139468,,,5162,61606,232230,430715,170282,,4231,,180733,,21653,427,,138350,322738,9441,,,145450,,,,287026,10938,,233396,1642,,,,7115,13106,47943,,27003,,19512,29721,,,68934,229022,,115087,,2791,,,,5191,31014,36897,46496,-888888888,,1436,7446,,,3291,79898,13112,,74680,,12756,,7462,29101,247759,91891,21476,,60482,1598,-888888888,,-888888888,15370,353800,28672,,,51179,(X),,342,,,,,,,76153,,437825,,,1527,,,(X),,,9919,,,23264,,69367,,13807,,1923,187768,,,2136,14891,,12005,118026,,8884,178438,(X),215257,,,(X),,,,47658,41376,9073,110923,18669,31.5,,,,7946,,3074,10682,(X),,18146,362881,,,,12117,-888888888,12199,155867,-888888888,,49696,,,,,,(X),222901,,30279,,,,437825,,,9245,,12539,8230,10697,,,6698,,,7946,,,,-888888888,56628,,,,1128,121341,34412,2634,14580,,,,247759,75.8,6439,,110157,23556,,-888888888,3026,,9008,20638,,170282,,,21441,5492,43915,9244,,,3688,,,,(X),341843,22840,,,,301317,,45459,22916,241,,,,81961,,,61405,114780,,,2568,170282,,,222568,,,,75143,,,437825,,-888888888,,,5662,,,,(X),,2489,(X),,95412,78031,409662,24322,184530,91738,,,,5601,,88181,2269,,7764,48,,,25551,14363,,,110264,78544,,,291574,38057,19438,,,747,,393910,3015,1324,52437,160116,2690,,,,,,13043,36269,,96.7,,,13278,20927,,,118082,,,,1988,286556,,(X),,1592,26027,,2838,,,47,-888888888,35035,965,,71168,28560,,24488,,,,,1157,94389,,,1420,,55,219294,38611,,26115,,,,,,14510,,4847,6537,321,,,160468,55127,,17797,,,9204,,44896,18346,,7892,,,24792,,61606,377705,32750,37876,,11520,25408,,,48940,14066,(X),,,,2651,3.33,,,,115087,,(X),-888888888,,,,69491,,,,,,,314792,,48940,,,,,1475,,,5333,321275,435689,,,,160429,,-888888888,437825,24654,5028,172724,3200,,11889,,205021,53005,,,,,84335,4172,-888888888,185718,,,-888888888,,1476,,35627,,5856,10229,,151705,144,,,,37.5,1015,,126780,,83633,1336,26063,31255,3179,(X),(X),12167,,,,19490,5937,,,,86865,841,,,115087,,20,4594,19178,280,4895,,,26,116550,58,,57065,,,,,393910,,2269,,,,354142,44638,13658,435689,14582,,109997,23307,,,,83683,-888888888,,,19297,108834,233396,,2288,,,14318,,,,95.2,141569,,,20836,21140,,(X),68379,,437825,65,9730,54796,,15736,52302,84571,(X),170282,17916,,,,,98964,,-888888888,14273,,413033,58022,,11359,93447,,,17643,,2216,265,,,233396,7078,,406,,,61750,-888888888,,,,,,55383,,,34933,432832,22459,322918,60384,,6644,32767,25583,87954,,43915,38603,-888888888,5701,,,,31903,-888888888,,,,4879,,24682,,,,354142,,,1107,75834,,5357,1934,,,,,405,,(X),,,29164,26571,12936,252917,,,,38190,24930,3016,,204,,,248101,-888888888,178230,246,34206,,1779,2.53,,,4273,,(X),-888888888,,,,,179542,,111351,233396,55480,156333,,123033,2254,55936,6302,,31510,75386,,1524,,2048,,163430,,1878,85986,20081,84439,,,,2207,,,21128,1406,7694,,,144726,(X),1414,(X),,13426,437825,,,,181418,5722,,,,276477,2345,4033,,,115087,94803,
san francisco,67000,alameda,001,california,06,2019,,,,,759882,190664,,16285,178742,,,6437,137953,506856,846760,361222,,16407,,414789,,51281,403,,294549,570535,16222,,,,,,,600092,10223,,511902,2847,,,,21307,5777,86785,,46904,,34805,67471,,,5573,500344,,295398,,4364,,,,17841,93982,113684,90163,-888888888,,1116,9453,,,8821,67137,521,,87245,,26845,,55226,67395,540475,203674,31520,,135721,1544,-888888888,,-888888888,31368,747453,42417,,,68842,(X),,286,,,,,,,106194,,67525,,,3514,,,(X),,,26721,,,31831,,148442,,20856,,9453,373168,,,5788,31140,,6942,248307,,9958,431004,(X),443653,,,(X),,,,205470,70212,13550,160976,24377,32.8,,,,19391,,3102,21703,(X),,35903,759882,,,,20095,-888888888,25069,,-888888888,,87355,,,,,,(X),347470,,39182,,,,865933,,,31976,,39710,15583,17858,,,34662,,,19391,,,,-888888888,77267,,,,2731,308976,47297,2155,16297,,,,540475,84.3,6440,,333357,65759,,-888888888,4067,,36375,45448,,361222,,,32841,9883,72602,15273,,,7175,,,,(X),727652,643102,,,,315771,,134062,44753,832,,,,156810,,,129227,219121,,,404720,361222,,,422280,,,,101622,,,58264,,-888888888,,,12670,,,,(X),,9724,(X),,45135,2170,830804,49442,327331,170465,,,,15220,,126121,2340,,16864,36,,,52366,28573,,,147246,190757,,,608241,85739,30396,,,2755,,793331,2335,1331,121892,353160,10624,,,,,,21626,78589,,105.1,,,26410,51980,,,248357,,,,1044,656751,,(X),,3723,31130,,57880,,,45,-888888888,74844,872,,139472,31999,,111877,,,,,1238,126187,,,3430,,33,481301,86480,,53873,,,,,,14653,,2165,15733,479,,,343914,132516,,29837,,,4101,,67334,42132,,8715,,,38219,,137953,725271,184095,138913,,20890,41349,,,85935,26138,(X),,,,3060,3.11,,,,295398,,(X),-888888888,,,,297680,,,,,,,551144,,53004,,,,,732692,,,4212,42642,861934,,,,210271,,-888888888,865933,38277,6879,383283,7283,,25006,,464682,96297,,,,,195662,6266,-888888888,370245,,,-888888888,,5708,,72710,,7301,20689,,327296,134,,,,38.7,865933,,1675,,117972,3359,66986,42352,12018,(X),(X),8662,,,,37273,15886,,,,89710,2360,,,295398,,4,21774,43922,392,10855,,,7,5666,119,,184990,,,,,793331,,2340,,,,747739,99213,43237,861934,23701,,147176,29083,,,,118194,-888888888,,,30478,145252,511902,,3749,,,25792,,,,105.2,376056,,,49422,19586,,(X),166257,,865933,10,17060,93236,,34139,78359,94786,(X),361222,32421,,,,,133241,,-888888888,16619,,827714,110408,,15244,295385,,,37570,,2117,30,,,511902,38658,,966,,,129000,-888888888,,,,,,103924,,,51695,857787,30641,688969,155765,,12483,58874,46651,243795,,72602,96931,-888888888,8238,,,,65158,-888888888,,,,6815,,63252,,,,747739,,,2853,158526,,6500,3631,,,,,307,,(X),,,55012,63109,25555,474554,,,,35245,59698,4171,,287,,,540761,-888888888,12302,1229,339050,,2655,2.34,,,865933,,(X),-888888888,,,,,392074,,236497,511902,70270,410052,,314789,3852,114074,18472,,69912,166589,,2693,,45520,,254282,,440617,228003,24779,195491,,,,3111,,,47389,4788,21794,,,188514,(X),5248,(X),,49318,865933,,,,364456,8731,,,,611669,4171,8408,,,295398,158128,
san francisco,67000,alameda,001,california,06,2007,,,(X),,133920,2638,,324185,70040,,,7408,771131,7.0,324185,105936,,13534,,443142,,12.0,641,(X),100898,309406,26232,,,,,,,(X),20747,,14881,358380,,,,3224,3041,(X),,37142,,8240,623699,,,,431900,,170410,,7538,,,,797271,355668,27308,28902,,,10272,9821,,,6029,1148,264367,,60865,,33724,,41547,274632,474594,274632,46576,,(X),1582,,,,78316,34673,44760,,,64055,,,292,,,,,,,42613,,355969,,,59098,,,,,,8922,,,30598,,6188,,52396,,469,142797,(X),,19068,106163,,3700,217655,,9673,4.6,,405087,,,,,,,5655,26215,2850,112320,79105,29.1,,,,274632,,39237,21.2,,,197908,694703,,,,1212,,58810,,,,34305,,,,,,,11507,,11.4,,,,5893,,,16366,,7988,1339,19942,,,3408,,,9984,,,,,122235,,,,8573,224544,25266,3479,925,,,,474594,429829,451448,,60135,1984,,,142819,,19487,788129,,,,,32363,11.5,610,19589,,,4737,,,,,682912,,,,,,,44296,174352,9058,,,,128626,,,142819,219817,,,,785,,,392184,,,,181366,,,797271,,,,,26.7,,,,,,116310,,,14,1995,(X),54240,,8634,,,,57664,,(X),1930,,21415,7,,,38735,31452,,,167871,44373,,,(X),106565,90765,(X),,4687,,19,(X),164076,46886,87416,522639,,,,,,22506,40512,,40338,,,345205,16357,,,217662,,,,12,(X),,,,4547,(X),,249085,,,16991,,771131,443142,,110684,16299,,1922,,,,,2850,36476,,,,,37,9.7,100652,,38341,,,,,(X),382,,9044,10633,3403,,,,67205,,48560,,,55427,,76129,51042,,133933,,,27561,(X),336370,114091,14200,140052,,(X),,,,11.9,17268,,,,,(X),780154,,,,104222,,,,(X),,,8661,,,,,(X),,201726,,756933,,,,,3401,(X),,250146,20335,(X),,,,86546,,,51850,(X),11394,48244,26170,,24307,,7.9,87097,,,,,138016,33870,,342094,,,,,1364,,71259,,11.4,25711,,,8455,,,(X),682912,5477,,883,,(X),39876,25312,5.4,388,,,797271,,,,57580,22155,,,,48216,16213,(X),,170808,,43,13220,9833,532,4488,,,38,50660,10681,,286139,,,,,3765,,433,,,,112944,2.41,22489,53898,40256,,21916,21247,,,,662798,,,,28448,57391,25058,,9193,,,19620,,,(X),797271,113,,,86966,69824,,,85.6,,797271,157747,22956,12.0,,9674,90130,1757,,324185,34041,,,,,684164,,,4.0,,335414,11507,,14020,19452,,,18192,,,37182,,,443142,3065,(X),41379,,,159397,,,(X),,,,181366,,,46006,664364,28499,52532,39882,,6096,343398,53349,120917,,797271,11344,18.3,1743,,,,33674,6.6,,,,3913,,14571,,,,112944,,,4203,5405,,43690,708,,,,,1244,,,,,13923,26140,16.2,174413,,,,38105,3563,,,26140,,,474886,11.4,113107,2642,2719,,4616,3.41,,,47515,,,7.3,,,,,182185,,204399,443142,81800,682620,,1523,12.2,48968,66903,,30529,346542,,49696,,,,(X),,36522,38147,5342,134370,,,,32133,,,2983,69608,38.2,,,259085,,421519,,,194127,511132,,,,64700,4111,,,,51.1,274632,25061,,,216968,9919,(X)
san francisco,67000,alameda,001,california,06,2011,,,,,141434,2812,,23209,110208,,,5112,782838,479034,345344,114736,,12194,,360079,,61425,716,,276195,313727,23718,,,,,,,592563,9767,,456845,378186,,,,3181,3418,109261,,34525,,8350,635411,,,,447243,,178532,,6636,,,,817501,368340,48567,31428,-888888888,,15155,14186,,,4652,983,293485,,59182,,33553,,45083,290752,497993,290752,57049,,43235,1699,-888888888,,-888888888,72846,29478,40653,,,63144,(X),,300,,,,,,,68782,,341100,,,55821,,,(X),,,9813,,,32786,,6121,,23763,,599,150221,,,18783,115028,,4385,229614,,9519,365591,(X),415283,,,(X),,,,6078,28440,2967,113015,89153,30.5,,,,290752,,42833,24956,(X),,201608,719881,,,,875,-888888888,64694,,-888888888,,34411,,,,,,(X),16909,,37282,,,,6792,,,21498,,7932,1639,27062,,,3461,,,15985,,,,-888888888,48486,,,,7215,236249,23161,3280,17012,,,,497993,411561,440055,,62702,1894,,-888888888,5597,,25650,810226,,-888888888,,,45844,8769,649,17613,,,4004,,,,(X),707964,,,,,,,94550,175419,9019,,,,136183,,,156742,221588,,,,345344,,,402218,,,,61447,,,817501,,-888888888,,,17000,(X),,,(X),,120866,(X),,41,1942,723169,57055,,156742,,,,15632,,109261,1896,,21269,7,,,48869,41148,,,165631,188602,,,41009,77456,84516,,(X),5349,(X),62,4498,173305,50288,90720,526749,,,,,,30402,38053,,36613,,,356906,16970,,,229640,,,,12,577162,,(X),,4831,89934,,270621,,,15218,-888888888,782838,1001,,112498,14407,,1835,,,,,2967,75604,,,-888888888,,43,439279,99215,,55168,,,,,,18564,,16827,11656,3343,,,,66147,,37908,,,57145,,82467,32197,,133634,,,28914,,348398,116435,16212,145863,,813103,,,,93306,26923,(X),,,,592563,798321,,,,112220,,(X),-888888888,,,,9396,,,,,,,196113,,780888,,,,,3362,,,272599,26653,86344,,,,130322,,-888888888,47992,111279,10845,49573,27279,,23303,,390125,88900,,(X),,,135200,30828,-888888888,354119,,,-888888888,,1703,,78978,,20223,16970,,,12727,,,,707964,6634,,945,,2100,39825,29716,31563,348,(X),(X),817501,,,,39764,20720,,,,50211,15514,,,184527,,37,13995,45102,579,4828,,,37,45909,11000,,307661,,,,,3430,,563,,,,113130,2.31,40892,813103,16530,,90116,23839,,,,683874,-888888888,,,28536,90863,456845,,4748,,,26236,,,,817501,118,,,55585,15467,,(X),-888888888,,817501,171564,16818,113529,,12277,96493,1797,(X),345344,33588,,,,,693334,,-888888888,49154,,351149,16909,,20371,25708,,,18022,,-888888888,37705,,,456845,3094,,687,,,152380,-888888888,,,,,,188602,,,46163,681514,26728,52574,39228,,6303,56315,57769,131284,(X),817501,11998,-888888888,1717,,,,35247,-888888888,,,,11567,,28415,,,,113130,,,3678,5098,,43344,1227,,,,,1109,,(X),,,40772,34663,39755,176336,,,,27295,3662,,,34663,,,498293,-888888888,124167,3196,3747,,4255,3.17,,,55283,,(X),-888888888,,,,,188495,,211457,456845,45089,707664,,924,14799,50295,66815,,33318,359566,,41900,,,,214734,,49688,38343,16039,140832,,,,43795,,,2819,65111,38.5,,,115719,(X),429739,(X),,204140,509840,,,,63557,3548,,,,-888888888,290752,8958,,,275120,11344,
san francisco,67000,alameda,001,california,06,2018,,,,,768889,192905,,16757,167663,,,5397,138157,514725,854615,362141,,16500,,423548,,53572,259,,295099,575274,16716,,,,,,,610162,10014,,521465,3022,,,,23168,5216,87964,,47675,,35423,69073,,,4778,509743,,299510,,4635,,,,19141,101140,104964,60016,-888888888,,982,10168,,,8807,67358,406,,81144,,28137,(X),59807,63618,547090,209655,30589,,135670,1492,-888888888,,-888888888,29472,757148,44015,,,66925,(X),,273,,,,,,,99911,,67174,,,3412,,,(X),,,25897,,,30176,,149445,,22201,,9748,379460,,(X),6698,29321,,6880,252488,,8009,438653,(X),446246,,,(X),,,,208220,73185,13696,159289,23623,33.3,,,,19461,,-888888888,19553,(X),,35583,768889,,,,19777,-888888888,25772,,-888888888,,91223,,,,,,(X),346158,,39525,,,,874784,,,32169,,40291,16139,19416,,,35588,,,19461,,,,-888888888,72041,,,,2881,308157,46630,-888888888,16723,,,,547090,82.4,6608,,335512,67092,,-888888888,3908,,39101,46265,,362141,,,35488,8628,62702,15464,,,7484,,,,(X),737548,652668,,,,322439,,134020,47203,725,,,,160282,,,129435,221526,,,398613,362141,,,428538,,,,96421,,,57920,,-888888888,,,11674,,,,(X),,10154,(X),,44930,2279,839463,49850,330229,170665,,,,15505,,124680,2287,,17553,35,,,51195,25625,,,155297,191476,,,617693,86317,32067,,,3029,,812082,2086,1326,115405,355944,11527,,,,,,21394,76345,,104.1,,,26135,51400,,,252515,,,,991,664552,,(X),,3812,31049,,58422,,,45,-888888888,75744,806,,138196,32196,,114606,,,,,1331,119136,,,3526,,32,491753,91544,,54972,,,,,,15025,,2151,15392,416,,,341485,126932,,31447,,,4613,,66872,43434,,-888888888,,,39195,,138157,739716,184852,161085,,22047,40605,,,88296,27366,(X),,,,2925,3.12,,,,299510,,(X),-888888888,,,,300339,,,,,,,555813,,53170,,,,,741919,,,3800,42803,870512,,,,196384,,-888888888,874784,38774,7288,386351,7582,,25050,,474415,95504,,,,,205012,6173,-888888888,376584,,,-888888888,,5669,,77669,,7141,20785,,323945,151,,,,38.3,874784,,1796,,117149,3332,65790,44024,11970,(X),(X),8974,,,,38968,16199,,,,88425,2293,,,299510,,1,22265,45621,474,11322,,,7,4990,120,,189409,,,,,812082,,2287,,,,757421,99055,44375,870512,23392,,138207,29070,,(X),,117363,-888888888,,,31406,136839,521465,,4219,,,26328,,(X),,104.1,392476,,,54129,18567,,(X),165240,,874784,9,16943,95437,,32259,80686,85789,(X),362141,34437,,,,,132865,,-888888888,17338,,835589,110101,,16339,297279,,,38831,,2060,144,,,521465,39883,,1054,,,129388,-888888888,,,,,,106247,,,49934,866648,31046,696575,159107,,12727,57895,-888888888,244101,,62702,97138,-888888888,8262,,,,65529,-888888888,,,,7910,,58659,,,,757421,,,2909,157984,,6779,3678,,,,,223,,(X),,,51586,62413,22972,479645,,,,34098,61886,3187,,290,,,547363,-888888888,10692,1491,348449,,2778,2.36,,,874784,,(X),-888888888,,,,,394907,,242086,521465,64948,409341,,318971,3419,114165,19415,,64005,166641,,2695,,43792,,253759,,446521,235892,20338,198571,,,,3179,,,45326,4391,22981,,,177223,(X),5127,(X),,50325,874784,,,,371070,8627,,,,616833,3956,9254,,,299510,158832,
san francisco,67000,alameda,001,california,06,2015,,,,,759471,2586,,20267,137761,,,4798,128384,506054,358772,126867,,12649,,406363,,56516,558,,289838,339630,19409,,,,,,,610796,9471,,504914,2925,,,,2990,3265,115716,,31006,,8654,683074,,,4369,495315,,188038,,6791,,,,864263,389829,76075,33150,-888888888.0,,670,12886,,,5041,64800,619,,69916,,36602,,54835,300542,534016,300542,30508,,46270,1585,-888888888.0,,-888888888.0,76539,24582,44673,,,66025,(X),,415,,,,,,,81614,,67526,,,3700,,,(X),,,19792,,,28913,,5567,,23432,,10587,155724,,,19748,126761,,6453,246635,,8383,414723,(X),440633,,,(X),,,,8128,27645,2470,122453,78110,32.8,,,,300542,,45757,21594,(X),,228294,759471,,,,19359,-888888888.0,66390,,-888888888.0,,36288,,,,,,(X),19329,,42172,,,,7990,,,29041,,8828,14458,23826,,,38487,,,16339,,,,-888888888.0,59508,,,,7149,277860,23038,3335,16862,,,,534016,80.9,5446,,322008,2067,,-888888888.0,4255,,35027,855285,,303070,,,39929,9211,43664,16687,,,4631,,,,(X),726921,641255,,,,315913,,118750,51375,9491,,,,147759,,,168738,225040,,,390376,358772,,,423630,,,,77582,,,55436,,-888888888.0,,,13094,,,,(X),,121393,(X),,45654,2234,812416,50809,325342,168738,,,,44887,,123082,1520,,19987,1,,,51504,29102,,,170042,190034,,,42089,84921,84072,,(X),5620,(X),820599,2475,166017,53417,90707,563721,,,,,,25648,68600,,104.0,,,375128,21021,,,246686,,,,9,635929,,(X),,5316,47543,,57061,,,15480,-888888888.0,70968,1124,,137258,11985,,1903,,,,,2470,96265,,,358772,,43,479046,98683,,59898,,,,,,17737,,24488,10303,631,,,,56683,,34819,,,54947,,93147,38914,,131529,,,39206,,128384,110100,185496,168514,,859959,32498,,,93613,29082,(X),,,,618162,843955,,,,112504,,(X),-888888888.0,,,,295347,,,,,,,204762,,825057,,,,,732314,,,3306,43961,90976,,,,162722,,-888888888.0,864263,126081,8871,381337,26741,,25616,,451426,92927,,,,,198732,29476,-888888888.0,372556,,,-888888888.0,,1736,,83079,,11129,19930,,,191,,,,38.3,864263,,1435,,2617,41182,28894,44752,10046,(X),(X),864263,,,,41371,18445,,,,50156,15910,,,194292,,36,16914,47121,258,4849,,,37,5128,63,,319871,,,,,820599,,500,,,,748311,2.35,43338,859959,20196,,114049,27555,,,,115952,-888888888.0,,,31871,111866,504914,,4268,,,26167,,,,103.9,408266,,,59835,16940,,(X),-888888888.0,,864263,58,16913,104742,,12967,99030,72379,(X),358772,33747,,,,,131949,,-888888888.0,27620,,360996,19329,,18507,292694,,,38618,,325603,148,,,504914,4411,,723,,,159324,-888888888.0,,,,,,190034,,,48366,732218,31187,51612,34760,,7620,56457,59395,152772,,43664,13083,-888888888.0,1406,,,,38685,-888888888.0,,,,10432,,44477,,,,748311,,,3378,4917,,45437,774,,,,,1154,,(X),,,42241,57416,27008,170041,,,,30636,3652,1432,,509,,,534431,-888888888.0,10020,1416,353000,,3611,3.15,,,864263,,(X),-888888888.0,,,,,194915,,233513,504914,53317,747896,,2990,5414,116387,64562,,32396,159113,,45380,,33930,,251010,,445100,38990,17895,156465,,,,3226,,,3394,68716,21166,,,145152,(X),464061,(X),,212005,544392,,,,366974,3345,,,,-888888888.0,300542,9208,,,255655,11812,
san leandro,68084,alameda,001,california,06,2010,,,,,14120,255,,1231,75190,,,5780,80171,44531,30179,13994,,788,,32292,,5589,174,,24630,45198,2483,,,,,,,54848,8308,,40947,31411,,,,105,136,18819,,4984,,1183,59259,,,,39828,,15641,,796,,,,84966,33468,957,1243,-888888888,,1380,2792,,,139,361,25910,,45438,,4356,,729,27677,46210,27677,5140,,4130,509,-888888888,,-888888888,10212,4468,5719,,,12076,(X),,84,,,,,,,50183,,22049,,,13027,,,(X),,,1745,,,4927,,806,,2493,,74,10944,,,1311,14016,,584,22218,,917,31457,(X),41957,,,(X),,,,907,1585,805,4561,6406,27.7,,,,27677,,6252,2659,(X),,11402,68239,,,,645,-888888888,10033,,-888888888,,4402,,,,,,(X),1568,,3192,,,,573,,,826,,738,194,2701,,,1131,,,1483,,,,-888888888,27931,,,,492,13021,4344,751,1990,,,,46210,38197,41931,,19285,36,,-888888888,512,,716,83935,,,,,5666,786,29,2909,,,2862,,,,(X),66146,,,,,,,5053,12371,858,,,,16335,,,20048,21945,,,,30179,,,43009,,,,41337,,,84966,,-888888888,,,1984,,,,(X),,9988,(X),,0,206,73082,5381,,20048,,,,291,,18819,524,,1295,0,,,5143,5263,,,28181,10131,,,3645,8086,15546,,(X),435,(X),12,997,21645,2174,15869,57289,,,,,,4562,3630,,4667,,,35858,393,,,22231,,,,33,57585,,(X),,222,11440,,23545,,,2899,-888888888,80171,29,,12324,904,,585,,,,,805,62195,,,,,32,39451,10948,,5058,,,,,,3426,,1924,1899,815,,,,8415,,4180,,,9042,,7952,2046,,8611,,,5906,,34432,10589,1035,4753,,84522,,,,8287,4251,(X),,,,54848,84322,,,,12036,,(X),-888888888,,,,328,,,,,,,10523,,80299,,,,,1103,,,23776,3412,8265,,,,85898,,-888888888,11394,10855,1659,4622,2752,,1436,,33662,8419,,,,,12638,3417,-888888888,35437,,,-888888888,,141,,7730,,2030,1674,,,774,,,,66146,1581,,257,,490,3051,4283,2791,218,(X),(X),84966,,,,2828,359,,,,2921,736,,,15990,,101,2919,4613,110,1494,,,57,11188,904,,29245,,,,,597,,142,,,,11150,2.79,2639,84522,3302,,72354,5822,,,,63387,-888888888,,,3940,49363,40947,,440,,,4500,,,,84966,81,,,3502,16011,,(X),-888888888,,84966,10872,1990,10317,,441,12827,90,(X),30179,4206,,,,,61707,,-888888888,5789,,38231,1568,,3840,3155,,,2139,,,6944,,,40947,725,,8,,,25376,-888888888,,,,,,10131,,,8885,72905,5067,5838,8112,,1335,5819,8902,4260,,84966,1749,-888888888,366,,,,3091,-888888888,,,,1124,,872,,,,11150,,,199,424,,8405,28,,,,,379,,(X),,,5740,4795,5080,19589,,,,21799,36,,,4795,,,46294,-888888888,23259,486,204,,415,3.47,,,3300,,(X),-888888888,,,,,12900,,20021,40947,34064,66062,,85,2421,5633,4270,,1781,31714,,3626,,,,23202,,6034,1443,1369,16596,,,,5076,,,49,3770,38.6,,,75818,(X),42068,(X),,18534,55721,,,,6528,332,,,,-888888888,27677,1591,,,27386,1155,
san leandro,68084,alameda,001,california,06,2014,,,,,16019,176,,1134,82542,,,4288,83619,45915,31864,15054,,945,,35286,,5757,127,,25933,45724,2870,,,,,,,58132,9957,,45109,33079,,,,130,287,18219,,4725,,1239,63037,,,58468,43427,,19040,,1068,,,,89039,36027,1830,1370,-888888888,,1349,2588,,,50,285,31268,,45411,,3819,,670,32110,48407,32110,6050,,3810,346,-888888888,,-888888888,10134,3852,5197,,,12264,(X),,41,,,,,,,48691,,21178,,,12051,,,(X),,,2287,,,4866,,1045,,2569,,170,12109,,,1073,15005,,916,23094,,780,33982,(X),43803,,,(X),,,,1129,2083,494,5070,6474,31.4,,,,32110,,7001,2332,(X),,12235,72962,,,,302,-888888888,10716,,-888888888,,4992,,,,,,(X),1320,,4945,,,,457,,,888,,632,272,2773,,,944,,,1187,,,,-888888888,30865,,,,453,14741,4296,626,3034,,,,48407,35390,39366,,19194,71,,-888888888,342,,1022,88117,,-888888888,,,5613,1193,52,3075,,,3127,,,,(X),70819,,,,,,,5502,11930,610,,,,17451,,,21201,24514,,,,31864,,,45236,,,,43277,,,89039,,-888888888,,,1225,(X),,,(X),,12788,(X),,66,397,79950,6873,,21201,,,,2626,,18219,337,,1471,0,,,5829,3298,,,30932,10663,,,4627,8888,15866,,(X),357,(X),23,808,21458,2251,16719,56929,,,,,,4228,3435,,4411,,,37926,539,,,23120,,,,41,60013,,(X),,248,8810,,28617,,,3239,-888888888,83619,137,,14293,1291,,293,,,,,494,64065,,,-888888888,,34,42701,11669,,5157,,,,,,3631,,1707,1910,522,,,,6705,,4304,,,9059,,9288,2484,,8706,,,5358,,36432,8956,1328,5287,,88760,,,,9959,4309,(X),,,,58132,88525,,,,13070,,(X),-888888888,,,,527,,,,,,,9885,,84628,,,,,821,,,28854,3081,9194,,,,92923,,-888888888,10454,12409,1964,5835,2966,,1775,,37964,9784,,(X),,,12344,3502,-888888888,37376,,,-888888888,,83,,9178,,2258,1983,,,975,,,,70819,1572,,171,,757,2636,4359,4817,200,(X),(X),89039,,,,3081,301,,,,3273,723,,,19983,,97,3833,4842,80,1756,,,56,10249,482,,33430,,,,,984,,94,,,,12597,2.78,2265,88760,3622,,76704,5890,,,,68109,-888888888,,,3582,58315,45109,,443,,,4308,,,,89039,136,,,4388,17418,,(X),-888888888,,89039,13599,2173,12217,,769,13129,181,(X),31864,4146,,,,,64608,,-888888888,4737,,43261,1320,,3601,2910,,,2289,,-888888888,8110,,,45109,974,,56,,,26403,-888888888,,,,,,10663,,,8895,78392,5317,6151,7661,,1001,6686,9537,5939,(X),89039,1837,-888888888,480,,,,3451,-888888888,,,,1255,,1487,,,,12597,,,240,585,,8580,155,,,,,193,,(X),,,6315,5420,3214,22033,,,,26644,89,29927,,5420,,,48448,-888888888,24431,530,265,,597,3.43,,,4140,,(X),-888888888,,,,,13488,,21913,45109,35748,70778,,133,882,6044,4485,,1712,34387,,3088,,28541,,29239,,8571,1670,2432,17920,,,,6993,,,161,3649,40.8,,,81934,(X),41367,(X),,22140,55609,,,,6762,294,,,,-888888888,32110,1597,,,29484,1107,
san leandro,68084,alameda,001,california,06,2018,,,,,75640,21272,,1340,105070,,,4136,14860,46365,90007,31274,,373,,36889,,6093,151,,25350,58017,2190,,,,,,,57905,9012,,47158,1367,,,,2142,1756,9436,,5368,,3744,6501,,,320,45502,,32472,,403,,,,666,4313,3762,2900,-888888888,,364,1841,,,243,9420,294,,57030,,3346,(X),681,5780,49633,9701,4677,,14676,377,-888888888,,-888888888,1968,73802,4785,,,10969,(X),,57,,,,,,,60213,,18299,,,614,,,(X),,,1325,,,4774,,17963,,2559,,680,39769,,(X),530,1888,,2346,23549,,913,37035,(X),44151,,,(X),,,,24097,11735,3573,25506,4138,33.8,,,,1591,,-888888888,2091,(X),,5291,75640,,,,2204,-888888888,2256,,-888888888,,13645,,,,,,(X),46725,,4942,,,,90489,,,913,,2243,2980,1663,,,9363,,,1591,,,,-888888888,38505,,,,82,17581,7377,-888888888,3807,,,,49633,84.4,842,,34385,3703,,-888888888,371,,1118,4613,,31274,,,4167,1131,7690,2798,,,501,,,,(X),71097,62073,,,,31728,,5916,5203,40,,,,13822,,,15097,25950,,,32778,31274,,,46338,,,,49792,,,11638,,-888888888,,,1026,,,,(X),,1389,(X),,9283,259,85838,6603,30345,20675,,,,1137,,17627,561,,1242,43,,,6761,2475,,,30210,10599,,,58902,9533,5765,,,107,,82799,287,349,6593,44330,335,,,,,,3137,8025,,95.3,,,3292,2144,,,23594,,,,366,63946,,(X),,480,4370,,4683,,,41,-888888888,8059,187,,12216,6256,,13539,,,,,122,86604,,,337,,57,44028,10370,,5784,,,,,,3839,,273,1273,153,,,29391,6928,,4190,,,1151,,9698,3799,,-888888888,,,4076,,14860,82934,14521,5718,,3473,3396,,,10341,3993,(X),,,,454,3.54,,,,32472,,(X),-888888888,,,,31422,,,,,,,56426,,8074,,,,,66415,,,867,8798,90208,,,,117994,,-888888888,90489,4369,1301,35761,918,,1932,,41458,10134,,,,,13559,894,-888888888,39138,,,-888888888,,108,,8687,,1199,3029,,28013,3,,,,41.1,90489,,338,,16630,36,3335,5388,790,(X),(X),1194,,,,3768,666,,,,16069,119,,,32472,,0,884,5134,150,911,,,29,833,5,,19994,,,,,82799,,561,,,,73859,10138,2879,90208,3228,,97031,6681,,(X),,16630,-888888888,,,3300,72821,47158,,2937,,,4603,,(X),,93.9,30403,,,4610,19005,,(X),6796,,90489,0,1884,11540,,1478,15703,12537,(X),31274,4875,,,,,24074,,-888888888,2570,,86413,12478,,3182,31143,,,4531,,133,60,,,47158,1409,,157,,,15211,-888888888,,,,,,9128,,,7912,89862,4851,66908,21457,,964,6344,-888888888,14340,,7690,5161,-888888888,954,,,,4960,-888888888,,,,781,,3043,,,,73859,,,143,18092,,1208,246,,,,,138,,(X),,,6758,6801,2337,42083,,,,27340,4142,492,,176,,,49690,-888888888,2382,711,20561,,336,2.88,,,90489,,(X),-888888888,,,,,37019,,22541,47158,44280,21136,,34063,246,12909,725,,4449,18385,,487,,3888,,32166,,35713,26692,2595,14314,,,,1404,,,3510,215,2304,,,107237,(X),86,(X),,2970,90489,,,,38098,166,,,,55775,454,1304,,,32472,20188,
