Name,Label,Concept,Required,Attributes,Limit,Predicate Type,Group
DP02_0001E,Estimate!!HOUSEHOLDS BY TYPE!!Total households,,not required,"DP02_0001M,
                DP02_0001MA,
                DP02_0001EA",0,(not a predicate),DP02
DP02_0002E,Estimate!!HOUSEHOLDS BY TYPE!!Family households (families),,not required,"DP02_0002M,
                DP02_0002MA,
                DP02_0002EA",0,int,DP02
DP02_0003E,Estimate!!HOUSEHOLDS BY TYPE!!Family households (families)!!With own children under 18 years,,not required,"DP02_0003M,
                DP02_0003MA,
                DP02_0003EA",0,int,DP02
DP02_0004E,Estimate!!HOUSEHOLDS BY TYPE!!Family households (families)!!Married-couple family,,not required,"DP02_0004M,
                DP02_0004MA,
                DP02_0004EA",0,int,DP02
DP02_0005E,Estimate!!HOUSEHOLDS BY TYPE!!Family households (families)!!Married-couple family!!With own children under 18 years,,not required,"DP02_0005M,
                DP02_0005MA,
                DP02_0005EA",0,int,DP02
DP02_0006E,"Estimate!!HOUSEHOLDS BY TYPE!!Family households (families)!!Male householder, no wife present, family",,not required,"DP02_0006M,
                DP02_0006MA,
                DP02_0006EA",0,int,DP02
DP02_0007E,"Estimate!!HOUSEHOLDS BY TYPE!!Family households (families)!!Male householder, no wife present, family!!With own children under 18 years",,not required,"DP02_0007M,
                DP02_0007MA,
                DP02_0007EA",0,int,DP02
DP02_0008E,"Estimate!!HOUSEHOLDS BY TYPE!!Family households (families)!!Female householder, no husband present, family",,not required,"DP02_0008M,
                DP02_0008MA,
                DP02_0008EA",0,int,DP02
DP02_0009E,"Estimate!!HOUSEHOLDS BY TYPE!!Family households (families)!!Female householder, no husband present, family!!With own children under 18 years",,not required,"DP02_0009M,
                DP02_0009MA,
                DP02_0009EA",0,int,DP02
DP02_0010E,Estimate!!HOUSEHOLDS BY TYPE!!Nonfamily households,,not required,"DP02_0010M,
                DP02_0010MA,
                DP02_0010EA",0,int,DP02
DP02_0011E,Estimate!!HOUSEHOLDS BY TYPE!!Nonfamily households!!Householder living alone,,not required,"DP02_0011M,
                DP02_0011MA,
                DP02_0011EA",0,int,DP02
DP02_0012E,Estimate!!HOUSEHOLDS BY TYPE!!Nonfamily households!!Householder living alone!!65 years and over,,not required,"DP02_0012M,
                DP02_0012MA,
                DP02_0012EA",0,int,DP02
DP02_0013E,Estimate!!HOUSEHOLDS BY TYPE!!Households with one or more people under 18 years,,not required,"DP02_0013M,
                DP02_0013MA,
                DP02_0013EA",0,int,DP02
DP02_0014E,Estimate!!HOUSEHOLDS BY TYPE!!Households with one or more people 65 years and over,,not required,"DP02_0014M,
                DP02_0014MA,
                DP02_0014EA",0,int,DP02
DP02_0015E,Estimate!!HOUSEHOLDS BY TYPE!!Average household size,,not required,"DP02_0015M,
                DP02_0015MA,
                DP02_0015EA",0,float,DP02
DP02_0016E,Estimate!!HOUSEHOLDS BY TYPE!!Average family size,,not required,"DP02_0016M,
                DP02_0016MA,
                DP02_0016EA",0,float,DP02
DP02_0017E,Estimate!!RELATIONSHIP!!Population in households,,not required,"DP02_0017M,
                DP02_0017MA,
                DP02_0017EA",0,int,DP02
DP02_0018E,Estimate!!RELATIONSHIP!!Householder,,not required,"DP02_0018M,
                DP02_0018MA,
                DP02_0018EA",0,int,DP02
DP02_0019E,Estimate!!RELATIONSHIP!!Spouse,,not required,"DP02_0019M,
                DP02_0019MA,
                DP02_0019EA",0,int,DP02
DP02_0020E,Estimate!!RELATIONSHIP!!Child,,not required,"DP02_0020M,
                DP02_0020MA,
                DP02_0020EA",0,int,DP02
DP02_0021E,Estimate!!RELATIONSHIP!!Other relatives,,not required,"DP02_0021M,
                DP02_0021MA,
                DP02_0021EA",0,int,DP02
DP02_0022E,Estimate!!RELATIONSHIP!!Nonrelatives,,not required,"DP02_0022M,
                DP02_0022MA,
                DP02_0022EA",0,int,DP02
DP02_0023E,Estimate!!RELATIONSHIP!!Nonrelatives!!Unmarried partner,,not required,"DP02_0023M,
                DP02_0023MA,
                DP02_0023EA",0,int,DP02
DP02_0024E,Estimate!!MARITAL STATUS!!Males 15 years and over,,not required,"DP02_0024M,
                DP02_0024MA,
                DP02_0024EA",0,int,DP02
DP02_0025E,Estimate!!MARITAL STATUS!!Never married,,not required,"DP02_0025M,
                DP02_0025MA,
                DP02_0025EA",0,int,DP02
DP02_0026E,"Estimate!!MARITAL STATUS!!Now married, except separated",,not required,"DP02_0026M,
                DP02_0026MA,
                DP02_0026EA",0,int,DP02
DP02_0027E,Estimate!!MARITAL STATUS!!Separated,,not required,"DP02_0027M,
                DP02_0027MA,
                DP02_0027EA",0,int,DP02
DP02_0028E,Estimate!!MARITAL STATUS!!Widowed,,not required,"DP02_0028M,
                DP02_0028MA,
                DP02_0028EA",0,int,DP02
DP02_0029E,Estimate!!MARITAL STATUS!!Divorced,,not required,"DP02_0029M,
                DP02_0029MA,
                DP02_0029EA",0,int,DP02
DP02_0030E,Estimate!!MARITAL STATUS!!Females 15 years and over,,not required,"DP02_0030M,
                DP02_0030MA,
                DP02_0030EA",0,int,DP02
DP02_0031E,Estimate!!MARITAL STATUS!!Never married,,not required,"DP02_0031M,
                DP02_0031MA,
                DP02_0031EA",0,int,DP02
DP02_0032E,"Estimate!!MARITAL STATUS!!Now married, except separated",,not required,"DP02_0032M,
                DP02_0032MA,
                DP02_0032EA",0,int,DP02
DP02_0033E,Estimate!!MARITAL STATUS!!Separated,,not required,"DP02_0033M,
                DP02_0033MA,
                DP02_0033EA",0,int,DP02
DP02_0034E,Estimate!!MARITAL STATUS!!Widowed,,not required,"DP02_0034M,
                DP02_0034MA,
                DP02_0034EA",0,int,DP02
DP02_0035E,Estimate!!MARITAL STATUS!!Divorced,,not required,"DP02_0035M,
                DP02_0035MA,
                DP02_0035EA",0,int,DP02
DP02_0036E,Estimate!!FERTILITY!!Number of women 15 to 50 years old who had a birth in the past 12 months,,not required,"DP02_0036M,
                DP02_0036MA,
                DP02_0036EA",0,int,DP02
DP02_0037E,"Estimate!!FERTILITY!!Unmarried women (widowed, divorced, and never married)",,not required,"DP02_0037M,
                DP02_0037MA,
                DP02_0037EA",0,int,DP02
DP02_0038E,"Estimate!!FERTILITY!!Unmarried women (widowed, divorced, and never married)!!Per 1,000 unmarried women",,not required,"DP02_0038M,
                DP02_0038MA,
                DP02_0038EA",0,int,DP02
DP02_0039E,"Estimate!!FERTILITY!!Per 1,000 women 15 to 50 years old",,not required,"DP02_0039M,
                DP02_0039MA,
                DP02_0039EA",0,int,DP02
DP02_0040E,"Estimate!!FERTILITY!!Per 1,000 women 15 to 50 years old!!Per 1,000 women 15 to 19 years old",,not required,"DP02_0040M,
                DP02_0040MA,
                DP02_0040EA",0,int,DP02
DP02_0041E,"Estimate!!FERTILITY!!Per 1,000 women 15 to 50 years old!!Per 1,000 women 20 to 34 years old",,not required,"DP02_0041M,
                DP02_0041MA,
                DP02_0041EA",0,int,DP02
DP02_0042E,"Estimate!!FERTILITY!!Per 1,000 women 15 to 50 years old!!Per 1,000 women 35 to 50 years old",,not required,"DP02_0042M,
                DP02_0042MA,
                DP02_0042EA",0,int,DP02
DP02_0043E,Estimate!!GRANDPARENTS!!Number of grandparents living with own grandchildren under 18 years,,not required,"DP02_0043M,
                DP02_0043MA,
                DP02_0043EA",0,int,DP02
DP02_0044E,Estimate!!GRANDPARENTS!!Responsible for grandchildren,,not required,"DP02_0044M,
                DP02_0044MA,
                DP02_0044EA",0,int,DP02
DP02_0045E,Estimate!!GRANDPARENTS!!Responsible for grandchildren!!Years responsible for grandchildren!!Less than 1 year,,not required,"DP02_0045M,
                DP02_0045MA,
                DP02_0045EA",0,int,DP02
DP02_0046E,Estimate!!GRANDPARENTS!!Responsible for grandchildren!!Years responsible for grandchildren!!1 or 2 years,,not required,"DP02_0046M,
                DP02_0046MA,
                DP02_0046EA",0,int,DP02
DP02_0047E,Estimate!!GRANDPARENTS!!Responsible for grandchildren!!Years responsible for grandchildren!!3 or 4 years,,not required,"DP02_0047M,
                DP02_0047MA,
                DP02_0047EA",0,int,DP02
DP02_0048E,Estimate!!GRANDPARENTS!!Responsible for grandchildren!!Years responsible for grandchildren!!5 or more years,,not required,"DP02_0048M,
                DP02_0048MA,
                DP02_0048EA",0,int,DP02
DP02_0049E,Estimate!!GRANDPARENTS!!Number of grandparents responsible for own grandchildren under 18 years,,not required,"DP02_0049M,
                DP02_0049MA,
                DP02_0049EA",0,int,DP02
DP02_0050E,Estimate!!GRANDPARENTS!!Who are female,,not required,"DP02_0050M,
                DP02_0050MA,
                DP02_0050EA",0,int,DP02
DP02_0051E,Estimate!!GRANDPARENTS!!Who are married,,not required,"DP02_0051M,
                DP02_0051MA,
                DP02_0051EA",0,int,DP02
DP02_0052E,Estimate!!SCHOOL ENROLLMENT!!Population 3 years and over enrolled in school,,not required,"DP02_0052M,
                DP02_0052MA,
                DP02_0052EA",0,int,DP02
DP02_0053E,"Estimate!!SCHOOL ENROLLMENT!!Nursery school, preschool",,not required,"DP02_0053M,
                DP02_0053MA,
                DP02_0053EA",0,int,DP02
DP02_0054E,Estimate!!SCHOOL ENROLLMENT!!Kindergarten,,not required,"DP02_0054M,
                DP02_0054MA,
                DP02_0054EA",0,int,DP02
DP02_0055E,Estimate!!SCHOOL ENROLLMENT!!Elementary school (grades 1-8),,not required,"DP02_0055M,
                DP02_0055MA,
                DP02_0055EA",0,int,DP02
DP02_0056E,Estimate!!SCHOOL ENROLLMENT!!High school (grades 9-12),,not required,"DP02_0056M,
                DP02_0056MA,
                DP02_0056EA",0,int,DP02
DP02_0057E,Estimate!!SCHOOL ENROLLMENT!!College or graduate school,,not required,"DP02_0057M,
                DP02_0057MA,
                DP02_0057EA",0,int,DP02
DP02_0058E,Estimate!!EDUCATIONAL ATTAINMENT!!Population 25 years and over,,not required,"DP02_0058M,
                DP02_0058MA,
                DP02_0058EA",0,int,DP02
DP02_0059E,Estimate!!EDUCATIONAL ATTAINMENT!!Less than 9th grade,,not required,"DP02_0059M,
                DP02_0059MA,
                DP02_0059EA",0,int,DP02
DP02_0060E,"Estimate!!EDUCATIONAL ATTAINMENT!!9th to 12th grade, no diploma",,not required,"DP02_0060M,
                DP02_0060MA,
                DP02_0060EA",0,int,DP02
DP02_0061E,Estimate!!EDUCATIONAL ATTAINMENT!!High school graduate (includes equivalency),,not required,"DP02_0061M,
                DP02_0061MA,
                DP02_0061EA",0,int,DP02
DP02_0062E,"Estimate!!EDUCATIONAL ATTAINMENT!!Some college, no degree",,not required,"DP02_0062M,
                DP02_0062MA,
                DP02_0062EA",0,int,DP02
DP02_0063E,Estimate!!EDUCATIONAL ATTAINMENT!!Associate's degree,,not required,"DP02_0063M,
                DP02_0063MA,
                DP02_0063EA",0,int,DP02
DP02_0064E,Estimate!!EDUCATIONAL ATTAINMENT!!Bachelor's degree,,not required,"DP02_0064M,
                DP02_0064MA,
                DP02_0064EA",0,int,DP02
DP02_0065E,Estimate!!EDUCATIONAL ATTAINMENT!!Graduate or professional degree,,not required,"DP02_0065M,
                DP02_0065MA,
                DP02_0065EA",0,int,DP02
DP02_0066E,Estimate!!EDUCATIONAL ATTAINMENT!!Percent high school graduate or higher,,not required,"DP02_0066M,
                DP02_0066MA,
                DP02_0066EA",0,int,DP02
DP02_0067E,Estimate!!EDUCATIONAL ATTAINMENT!!Percent bachelor's degree or higher,,not required,"DP02_0067M,
                DP02_0067MA,
                DP02_0067EA",0,int,DP02
DP02_0068E,Estimate!!VETERAN STATUS!!Civilian population 18 years and over,,not required,"DP02_0068M,
                DP02_0068MA,
                DP02_0068EA",0,int,DP02
DP02_0069E,Estimate!!VETERAN STATUS!!Civilian veterans,,not required,"DP02_0069M,
                DP02_0069MA,
                DP02_0069EA",0,int,DP02
DP02_0070E,Estimate!!DISABILITY STATUS OF THE CIVILIAN NONINSTITUTIONALIZED POPULATION!!Total Civilian Noninstitutionalized Population,,not required,"DP02_0070M,
                DP02_0070MA,
                DP02_0070EA",0,int,DP02
DP02_0071E,Estimate!!DISABILITY STATUS OF THE CIVILIAN NONINSTITUTIONALIZED POPULATION!!With a disability,,not required,"DP02_0071M,
                DP02_0071MA,
                DP02_0071EA",0,int,DP02
DP02_0072E,Estimate!!DISABILITY STATUS OF THE CIVILIAN NONINSTITUTIONALIZED POPULATION!!Under 18 years,,not required,"DP02_0072M,
                DP02_0072MA,
                DP02_0072EA",0,int,DP02
DP02_0073E,Estimate!!DISABILITY STATUS OF THE CIVILIAN NONINSTITUTIONALIZED POPULATION!!With a disability,,not required,"DP02_0073M,
                DP02_0073MA,
                DP02_0073EA",0,int,DP02
DP02_0074E,Estimate!!DISABILITY STATUS OF THE CIVILIAN NONINSTITUTIONALIZED POPULATION!!18 to 64 years,,not required,"DP02_0074M,
                DP02_0074MA,
                DP02_0074EA",0,int,DP02
DP02_0075E,Estimate!!DISABILITY STATUS OF THE CIVILIAN NONINSTITUTIONALIZED POPULATION!!With a disability,,not required,"DP02_0075M,
                DP02_0075MA,
                DP02_0075EA",0,int,DP02
DP02_0076E,Estimate!!DISABILITY STATUS OF THE CIVILIAN NONINSTITUTIONALIZED POPULATION!!65 years and over,,not required,"DP02_0076M,
                DP02_0076MA,
                DP02_0076EA",0,int,DP02
DP02_0077E,Estimate!!DISABILITY STATUS OF THE CIVILIAN NONINSTITUTIONALIZED POPULATION!!With a disability,,not required,"DP02_0077M,
                DP02_0077MA,
                DP02_0077EA",0,int,DP02
DP02_0078E,Estimate!!RESIDENCE 1 YEAR AGO!!Population 1 year and over,,not required,"DP02_0078M,
                DP02_0078MA,
                DP02_0078EA",0,int,DP02
DP02_0079E,Estimate!!RESIDENCE 1 YEAR AGO!!Same house,,not required,"DP02_0079M,
                DP02_0079MA,
                DP02_0079EA",0,int,DP02
DP02_0080E,Estimate!!RESIDENCE 1 YEAR AGO!!Different house in the U.S.,,not required,"DP02_0080M,
                DP02_0080MA,
                DP02_0080EA",0,int,DP02
DP02_0081E,Estimate!!RESIDENCE 1 YEAR AGO!!Different house in the U.S.!!Same county,,not required,"DP02_0081M,
                DP02_0081MA,
                DP02_0081EA",0,int,DP02
DP02_0082E,Estimate!!RESIDENCE 1 YEAR AGO!!Different house in the U.S.!!Different county,,not required,"DP02_0082M,
                DP02_0082MA,
                DP02_0082EA",0,int,DP02
DP02_0083E,Estimate!!RESIDENCE 1 YEAR AGO!!Different house in the U.S.!!Different county!!Same state,,not required,"DP02_0083M,
                DP02_0083MA,
                DP02_0083EA",0,int,DP02
DP02_0084E,Estimate!!RESIDENCE 1 YEAR AGO!!Different house in the U.S.!!Different county!!Different state,,not required,"DP02_0084M,
                DP02_0084MA,
                DP02_0084EA",0,int,DP02
DP02_0085E,Estimate!!RESIDENCE 1 YEAR AGO!!Abroad,,not required,"DP02_0085M,
                DP02_0085MA,
                DP02_0085EA",0,int,DP02
DP02_0086E,Estimate!!PLACE OF BIRTH!!Total population,,not required,"DP02_0086M,
                DP02_0086MA,
                DP02_0086EA",0,int,DP02
DP02_0087E,Estimate!!PLACE OF BIRTH!!Native,,not required,"DP02_0087M,
                DP02_0087MA,
                DP02_0087EA",0,int,DP02
DP02_0088E,Estimate!!PLACE OF BIRTH!!Native!!Born in United States,,not required,"DP02_0088M,
                DP02_0088MA,
                DP02_0088EA",0,int,DP02
DP02_0089E,Estimate!!PLACE OF BIRTH!!Native!!Born in United States!!State of residence,,not required,"DP02_0089M,
                DP02_0089MA,
                DP02_0089EA",0,int,DP02
DP02_0090E,Estimate!!PLACE OF BIRTH!!Native!!Born in United States!!Different state,,not required,"DP02_0090M,
                DP02_0090MA,
                DP02_0090EA",0,int,DP02
DP02_0091E,"Estimate!!PLACE OF BIRTH!!Native!!Born in Puerto Rico, U.S. Island areas, or born abroad to American parent(s)",,not required,"DP02_0091M,
                DP02_0091MA,
                DP02_0091EA",0,int,DP02
DP02_0092E,Estimate!!PLACE OF BIRTH!!Foreign born,,not required,"DP02_0092M,
                DP02_0092MA,
                DP02_0092EA",0,int,DP02
DP02_0093E,Estimate!!U.S. CITIZENSHIP STATUS!!Foreign-born population,,not required,"DP02_0093M,
                DP02_0093MA,
                DP02_0093EA",0,int,DP02
DP02_0094E,Estimate!!U.S. CITIZENSHIP STATUS!!Naturalized U.S. citizen,,not required,"DP02_0094M,
                DP02_0094MA,
                DP02_0094EA",0,int,DP02
DP02_0095E,Estimate!!U.S. CITIZENSHIP STATUS!!Not a U.S. citizen,,not required,"DP02_0095M,
                DP02_0095MA,
                DP02_0095EA",0,int,DP02
DP02_0096E,Estimate!!YEAR OF ENTRY!!Population born outside the United States,,not required,"DP02_0096M,
                DP02_0096MA,
                DP02_0096EA",0,int,DP02
DP02_0097E,Estimate!!YEAR OF ENTRY!!Native,,not required,"DP02_0097M,
                DP02_0097MA,
                DP02_0097EA",0,int,DP02
DP02_0098E,Estimate!!YEAR OF ENTRY!!Entered 2000 or later,,not required,"DP02_0098M,
                DP02_0098MA,
                DP02_0098EA",0,int,DP02
DP02_0099E,Estimate!!YEAR OF ENTRY!!Entered before 2000,,not required,"DP02_0099M,
                DP02_0099MA,
                DP02_0099EA",0,int,DP02
DP02_0100E,Estimate!!YEAR OF ENTRY!!Foreign born,,not required,"DP02_0100M,
                DP02_0100MA,
                DP02_0100EA",0,int,DP02
DP02_0101E,Estimate!!YEAR OF ENTRY!!Entered 2000 or later,,not required,"DP02_0101M,
                DP02_0101MA,
                DP02_0101EA",0,int,DP02
DP02_0102E,Estimate!!YEAR OF ENTRY!!Entered before 2000,,not required,"DP02_0102M,
                DP02_0102MA,
                DP02_0102EA",0,int,DP02
DP02_0103E,"Estimate!!WORLD REGION OF BIRTH OF FOREIGN BORN!!Foreign-born population, excluding population born at sea",,not required,"DP02_0103M,
                DP02_0103MA,
                DP02_0103EA",0,int,DP02
DP02_0104E,Estimate!!WORLD REGION OF BIRTH OF FOREIGN BORN!!Europe,,not required,"DP02_0104M,
                DP02_0104MA,
                DP02_0104EA",0,int,DP02
DP02_0105E,Estimate!!WORLD REGION OF BIRTH OF FOREIGN BORN!!Asia,,not required,"DP02_0105M,
                DP02_0105MA,
                DP02_0105EA",0,int,DP02
DP02_0106E,Estimate!!WORLD REGION OF BIRTH OF FOREIGN BORN!!Africa,,not required,"DP02_0106M,
                DP02_0106MA,
                DP02_0106EA",0,int,DP02
DP02_0107E,Estimate!!WORLD REGION OF BIRTH OF FOREIGN BORN!!Oceania,,not required,"DP02_0107M,
                DP02_0107MA,
                DP02_0107EA",0,int,DP02
DP02_0108E,Estimate!!WORLD REGION OF BIRTH OF FOREIGN BORN!!Latin America,,not required,"DP02_0108M,
                DP02_0108MA,
                DP02_0108EA",0,int,DP02
DP02_0109E,Estimate!!WORLD REGION OF BIRTH OF FOREIGN BORN!!Northern America,,not required,"DP02_0109M,
                DP02_0109MA,
                DP02_0109EA",0,int,DP02
DP02_0110E,Estimate!!LANGUAGE SPOKEN AT HOME!!Population 5 years and over,,not required,"DP02_0110M,
                DP02_0110MA,
                DP02_0110EA",0,int,DP02
DP02_0111E,Estimate!!LANGUAGE SPOKEN AT HOME!!English only,,not required,"DP02_0111M,
                DP02_0111MA,
                DP02_0111EA",0,int,DP02
DP02_0112E,Estimate!!LANGUAGE SPOKEN AT HOME!!Language other than English,,not required,"DP02_0112M,
                DP02_0112MA,
                DP02_0112EA",0,int,DP02
DP02_0113E,"Estimate!!LANGUAGE SPOKEN AT HOME!!Language other than English!!Speak English less than ""very well""",,not required,"DP02_0113M,
                DP02_0113MA,
                DP02_0113EA",0,int,DP02
DP02_0114E,Estimate!!LANGUAGE SPOKEN AT HOME!!Language other than English!!Spanish,,not required,"DP02_0114M,
                DP02_0114MA,
                DP02_0114EA",0,int,DP02
DP02_0115E,"Estimate!!LANGUAGE SPOKEN AT HOME!!Language other than English!!Spanish!!Speak English less than ""very well""",,not required,"DP02_0115M,
                DP02_0115MA,
                DP02_0115EA",0,int,DP02
DP02_0116E,Estimate!!LANGUAGE SPOKEN AT HOME!!Language other than English!!Other Indo-European languages,,not required,"DP02_0116M,
                DP02_0116MA,
                DP02_0116EA",0,int,DP02
DP02_0117E,"Estimate!!LANGUAGE SPOKEN AT HOME!!Language other than English!!Other Indo-European languages!!Speak English less than ""very well""",,not required,"DP02_0117M,
                DP02_0117MA,
                DP02_0117EA",0,int,DP02
DP02_0118E,Estimate!!LANGUAGE SPOKEN AT HOME!!Language other than English!!Asian and Pacific Islander languages,,not required,"DP02_0118M,
                DP02_0118MA,
                DP02_0118EA",0,int,DP02
DP02_0119E,"Estimate!!LANGUAGE SPOKEN AT HOME!!Language other than English!!Asian and Pacific Islander languages!!Speak English less than ""very well""",,not required,"DP02_0119M,
                DP02_0119MA,
                DP02_0119EA",0,int,DP02
DP02_0120E,Estimate!!LANGUAGE SPOKEN AT HOME!!Language other than English!!Other languages,,not required,"DP02_0120M,
                DP02_0120MA,
                DP02_0120EA",0,int,DP02
DP02_0121E,"Estimate!!LANGUAGE SPOKEN AT HOME!!Language other than English!!Other languages!!Speak English less than ""very well""",,not required,"DP02_0121M,
                DP02_0121MA,
                DP02_0121EA",0,int,DP02
DP02_0122E,Estimate!!ANCESTRY!!Total population,,not required,"DP02_0122M,
                DP02_0122MA,
                DP02_0122EA",0,int,DP02
DP02_0123E,Estimate!!ANCESTRY!!American,,not required,"DP02_0123M,
                DP02_0123MA,
                DP02_0123EA",0,int,DP02
DP02_0124E,Estimate!!ANCESTRY!!Arab,,not required,"DP02_0124M,
                DP02_0124MA,
                DP02_0124EA",0,int,DP02
DP02_0125E,Estimate!!ANCESTRY!!Czech,,not required,"DP02_0125M,
                DP02_0125MA,
                DP02_0125EA",0,int,DP02
DP02_0126E,Estimate!!ANCESTRY!!Danish,,not required,"DP02_0126M,
                DP02_0126MA,
                DP02_0126EA",0,int,DP02
DP02_0127E,Estimate!!ANCESTRY!!Dutch,,not required,"DP02_0127M,
                DP02_0127MA,
                DP02_0127EA",0,int,DP02
DP02_0128E,Estimate!!ANCESTRY!!English,,not required,"DP02_0128M,
                DP02_0128MA,
                DP02_0128EA",0,int,DP02
DP02_0129E,Estimate!!ANCESTRY!!French (except Basque),,not required,"DP02_0129M,
                DP02_0129MA,
                DP02_0129EA",0,int,DP02
DP02_0130E,Estimate!!ANCESTRY!!French Canadian,,not required,"DP02_0130M,
                DP02_0130MA,
                DP02_0130EA",0,int,DP02
DP02_0131E,Estimate!!ANCESTRY!!German,,not required,"DP02_0131M,
                DP02_0131MA,
                DP02_0131EA",0,int,DP02
DP02_0132E,Estimate!!ANCESTRY!!Greek,,not required,"DP02_0132M,
                DP02_0132MA,
                DP02_0132EA",0,int,DP02
DP02_0133E,Estimate!!ANCESTRY!!Hungarian,,not required,"DP02_0133M,
                DP02_0133MA,
                DP02_0133EA",0,int,DP02
DP02_0134E,Estimate!!ANCESTRY!!Irish,,not required,"DP02_0134M,
                DP02_0134MA,
                DP02_0134EA",0,int,DP02
DP02_0135E,Estimate!!ANCESTRY!!Italian,,not required,"DP02_0135M,
                DP02_0135MA,
                DP02_0135EA",0,int,DP02
DP02_0136E,Estimate!!ANCESTRY!!Lithuanian,,not required,"DP02_0136M,
                DP02_0136MA,
                DP02_0136EA",0,int,DP02
DP02_0137E,Estimate!!ANCESTRY!!Norwegian,,not required,"DP02_0137M,
                DP02_0137MA,
                DP02_0137EA",0,int,DP02
DP02_0138E,Estimate!!ANCESTRY!!Polish,,not required,"DP02_0138M,
                DP02_0138MA,
                DP02_0138EA",0,int,DP02
DP02_0139E,Estimate!!ANCESTRY!!Portuguese,,not required,"DP02_0139M,
                DP02_0139MA,
                DP02_0139EA",0,int,DP02
DP02_0140E,Estimate!!ANCESTRY!!Russian,,not required,"DP02_0140M,
                DP02_0140MA,
                DP02_0140EA",0,int,DP02
DP02_0141E,Estimate!!ANCESTRY!!Scotch-Irish,,not required,"DP02_0141M,
                DP02_0141MA,
                DP02_0141EA",0,int,DP02
DP02_0142E,Estimate!!ANCESTRY!!Scottish,,not required,"DP02_0142M,
                DP02_0142MA,
                DP02_0142EA",0,int,DP02
DP02_0143E,Estimate!!ANCESTRY!!Slovak,,not required,"DP02_0143M,
                DP02_0143MA,
                DP02_0143EA",0,int,DP02
DP02_0144E,Estimate!!ANCESTRY!!Subsaharan African,,not required,"DP02_0144M,
                DP02_0144MA,
                DP02_0144EA",0,int,DP02
DP02_0145E,Estimate!!ANCESTRY!!Swedish,,not required,"DP02_0145M,
                DP02_0145MA,
                DP02_0145EA",0,int,DP02
DP02_0146E,Estimate!!ANCESTRY!!Swiss,,not required,"DP02_0146M,
                DP02_0146MA,
                DP02_0146EA",0,int,DP02
DP02_0147E,Estimate!!ANCESTRY!!Ukrainian,,not required,"DP02_0147M,
                DP02_0147MA,
                DP02_0147EA",0,int,DP02
DP02_0148E,Estimate!!ANCESTRY!!Welsh,,not required,"DP02_0148M,
                DP02_0148MA,
                DP02_0148EA",0,int,DP02
DP02_0149E,Estimate!!ANCESTRY!!West Indian (excluding Hispanic origin groups),,not required,"DP02_0149M,
                DP02_0149MA,
                DP02_0149EA",0,int,DP02
DP02PR_0001E,Estimate!!HOUSEHOLDS BY TYPE!!Total households,,not required,"DP02PR_0001EA,
                DP02PR_0001M,
                DP02PR_0001MA",0,int,DP02PR
DP02PR_0002E,Estimate!!HOUSEHOLDS BY TYPE!!Family households (families),,not required,"DP02PR_0002EA,
                DP02PR_0002M,
                DP02PR_0002MA",0,int,DP02PR
DP02PR_0003E,Estimate!!HOUSEHOLDS BY TYPE!!Family households (families)!!With own children under 18 years,,not required,"DP02PR_0003EA,
                DP02PR_0003M,
                DP02PR_0003MA",0,int,DP02PR
DP02PR_0004E,Estimate!!HOUSEHOLDS BY TYPE!!Family households (families)!!Married-couple family,,not required,"DP02PR_0004EA,
                DP02PR_0004M,
                DP02PR_0004MA",0,int,DP02PR
DP02PR_0005E,Estimate!!HOUSEHOLDS BY TYPE!!Family households (families)!!Married-couple family!!With own children under 18 years,,not required,"DP02PR_0005EA,
                DP02PR_0005M,
                DP02PR_0005MA",0,int,DP02PR
DP02PR_0006E,"Estimate!!HOUSEHOLDS BY TYPE!!Family households (families)!!Male householder, no wife present, family",,not required,"DP02PR_0006EA,
                DP02PR_0006M,
                DP02PR_0006MA",0,int,DP02PR
DP02PR_0007E,"Estimate!!HOUSEHOLDS BY TYPE!!Family households (families)!!Male householder, no wife present, family!!With own children under 18 years",,not required,"DP02PR_0007EA,
                DP02PR_0007M,
                DP02PR_0007MA",0,int,DP02PR
DP02PR_0008E,"Estimate!!HOUSEHOLDS BY TYPE!!Family households (families)!!Female householder, no husband present, family",,not required,"DP02PR_0008EA,
                DP02PR_0008M,
                DP02PR_0008MA",0,int,DP02PR
DP02PR_0009E,"Estimate!!HOUSEHOLDS BY TYPE!!Family households (families)!!Female householder, no husband present, family!!With own children under 18 years",,not required,"DP02PR_0009EA,
                DP02PR_0009M,
                DP02PR_0009MA",0,int,DP02PR
DP02PR_0010E,Estimate!!HOUSEHOLDS BY TYPE!!Nonfamily households,,not required,"DP02PR_0010EA,
                DP02PR_0010M,
                DP02PR_0010MA",0,int,DP02PR
DP02PR_0011E,Estimate!!HOUSEHOLDS BY TYPE!!Nonfamily households!!Householder living alone,,not required,"DP02PR_0011EA,
                DP02PR_0011M,
                DP02PR_0011MA",0,int,DP02PR
DP02PR_0012E,Estimate!!HOUSEHOLDS BY TYPE!!Nonfamily households!!Householder living alone!!65 years and over,,not required,"DP02PR_0012EA,
                DP02PR_0012M,
                DP02PR_0012MA",0,int,DP02PR
DP02PR_0013E,Estimate!!HOUSEHOLDS BY TYPE!!Households with one or more people under 18 years,,not required,"DP02PR_0013EA,
                DP02PR_0013M,
                DP02PR_0013MA",0,int,DP02PR
DP02PR_0014E,Estimate!!HOUSEHOLDS BY TYPE!!Households with one or more people 65 years and over,,not required,"DP02PR_0014EA,
                DP02PR_0014M,
                DP02PR_0014MA",0,int,DP02PR
DP02PR_0015E,Estimate!!HOUSEHOLDS BY TYPE!!Average household size,,not required,"DP02PR_0015EA,
                DP02PR_0015M,
                DP02PR_0015MA",0,float,DP02PR
DP02PR_0016E,Estimate!!HOUSEHOLDS BY TYPE!!Average family size,,not required,"DP02PR_0016EA,
                DP02PR_0016M,
                DP02PR_0016MA",0,float,DP02PR
DP02PR_0017E,Estimate!!RELATIONSHIP!!Population in households,,not required,"DP02PR_0017EA,
                DP02PR_0017M,
                DP02PR_0017MA",0,int,DP02PR
DP02PR_0018E,Estimate!!RELATIONSHIP!!Householder,,not required,"DP02PR_0018EA,
                DP02PR_0018M,
                DP02PR_0018MA",0,int,DP02PR
DP02PR_0019E,Estimate!!RELATIONSHIP!!Spouse,,not required,"DP02PR_0019EA,
                DP02PR_0019M,
                DP02PR_0019MA",0,int,DP02PR
DP02PR_0020E,Estimate!!RELATIONSHIP!!Child,,not required,"DP02PR_0020EA,
                DP02PR_0020M,
                DP02PR_0020MA",0,int,DP02PR
DP02PR_0021E,Estimate!!RELATIONSHIP!!Other relatives,,not required,"DP02PR_0021EA,
                DP02PR_0021M,
                DP02PR_0021MA",0,int,DP02PR
DP02PR_0022E,Estimate!!RELATIONSHIP!!Nonrelatives,,not required,"DP02PR_0022EA,
                DP02PR_0022M,
                DP02PR_0022MA",0,int,DP02PR
DP02PR_0023E,Estimate!!RELATIONSHIP!!Nonrelatives!!Unmarried partner,,not required,"DP02PR_0023EA,
                DP02PR_0023M,
                DP02PR_0023MA",0,int,DP02PR
DP02PR_0024E,Estimate!!MARITAL STATUS!!Males 15 years and over,,not required,"DP02PR_0024EA,
                DP02PR_0024M,
                DP02PR_0024MA",0,int,DP02PR
DP02PR_0025E,Estimate!!MARITAL STATUS!!Never married,,not required,"DP02PR_0025EA,
                DP02PR_0025M,
                DP02PR_0025MA",0,int,DP02PR
DP02PR_0026E,"Estimate!!MARITAL STATUS!!Now married, except separated",,not required,"DP02PR_0026EA,
                DP02PR_0026M,
                DP02PR_0026MA",0,int,DP02PR
DP02PR_0027E,Estimate!!MARITAL STATUS!!Separated,,not required,"DP02PR_0027EA,
                DP02PR_0027M,
                DP02PR_0027MA",0,int,DP02PR
DP02PR_0028E,Estimate!!MARITAL STATUS!!Widowed,,not required,"DP02PR_0028EA,
                DP02PR_0028M,
                DP02PR_0028MA",0,int,DP02PR
DP02PR_0029E,Estimate!!MARITAL STATUS!!Divorced,,not required,"DP02PR_0029EA,
                DP02PR_0029M,
                DP02PR_0029MA",0,int,DP02PR
DP02PR_0030E,Estimate!!MARITAL STATUS!!Females 15 years and over,,not required,"DP02PR_0030EA,
                DP02PR_0030M,
                DP02PR_0030MA",0,int,DP02PR
DP02PR_0031E,Estimate!!MARITAL STATUS!!Never married,,not required,"DP02PR_0031EA,
                DP02PR_0031M,
                DP02PR_0031MA",0,int,DP02PR
DP02PR_0032E,"Estimate!!MARITAL STATUS!!Now married, except separated",,not required,"DP02PR_0032EA,
                DP02PR_0032M,
                DP02PR_0032MA",0,int,DP02PR
DP02PR_0033E,Estimate!!MARITAL STATUS!!Separated,,not required,"DP02PR_0033EA,
                DP02PR_0033M,
                DP02PR_0033MA",0,int,DP02PR
DP02PR_0034E,Estimate!!MARITAL STATUS!!Widowed,,not required,"DP02PR_0034EA,
                DP02PR_0034M,
                DP02PR_0034MA",0,int,DP02PR
DP02PR_0035E,Estimate!!MARITAL STATUS!!Divorced,,not required,"DP02PR_0035EA,
                DP02PR_0035M,
                DP02PR_0035MA",0,int,DP02PR
DP02PR_0036E,Estimate!!FERTILITY!!Number of women 15 to 50 years old who had a birth in the past 12 months,,not required,"DP02PR_0036EA,
                DP02PR_0036M,
                DP02PR_0036MA",0,int,DP02PR
DP02PR_0037E,"Estimate!!FERTILITY!!Unmarried women (widowed, divorced, and never married)",,not required,"DP02PR_0037EA,
                DP02PR_0037M,
                DP02PR_0037MA",0,int,DP02PR
DP02PR_0038E,"Estimate!!FERTILITY!!Unmarried women (widowed, divorced, and never married)!!Per 1,000 unmarried women",,not required,"DP02PR_0038EA,
                DP02PR_0038M,
                DP02PR_0038MA",0,int,DP02PR
DP02PR_0039E,"Estimate!!FERTILITY!!Per 1,000 women 15 to 50 years old",,not required,"DP02PR_0039EA,
                DP02PR_0039M,
                DP02PR_0039MA",0,int,DP02PR
DP02PR_0040E,"Estimate!!FERTILITY!!Per 1,000 women 15 to 50 years old!!Per 1,000 women 15 to 19 years old",,not required,"DP02PR_0040EA,
                DP02PR_0040M,
                DP02PR_0040MA",0,int,DP02PR
DP02PR_0041E,"Estimate!!FERTILITY!!Per 1,000 women 15 to 50 years old!!Per 1,000 women 20 to 34 years old",,not required,"DP02PR_0041EA,
                DP02PR_0041M,
                DP02PR_0041MA",0,int,DP02PR
DP02PR_0042E,"Estimate!!FERTILITY!!Per 1,000 women 15 to 50 years old!!Per 1,000 women 35 to 50 years old",,not required,"DP02PR_0042EA,
                DP02PR_0042M,
                DP02PR_0042MA",0,int,DP02PR
DP02PR_0043E,Estimate!!GRANDPARENTS!!Number of grandparents living with own grandchildren under 18 years,,not required,"DP02PR_0043EA,
                DP02PR_0043M,
                DP02PR_0043MA",0,int,DP02PR
DP02PR_0044E,Estimate!!GRANDPARENTS!!Responsible for grandchildren,,not required,"DP02PR_0044EA,
                DP02PR_0044M,
                DP02PR_0044MA",0,int,DP02PR
DP02PR_0045E,Estimate!!GRANDPARENTS!!Responsible for grandchildren!!Years responsible for grandchildren!!Less than 1 year,,not required,"DP02PR_0045EA,
                DP02PR_0045M,
                DP02PR_0045MA",0,int,DP02PR
DP02PR_0046E,Estimate!!GRANDPARENTS!!Responsible for grandchildren!!Years responsible for grandchildren!!1 or 2 years,,not required,"DP02PR_0046EA,
                DP02PR_0046M,
                DP02PR_0046MA",0,int,DP02PR
DP02PR_0047E,Estimate!!GRANDPARENTS!!Responsible for grandchildren!!Years responsible for grandchildren!!3 or 4 years,,not required,"DP02PR_0047EA,
                DP02PR_0047M,
                DP02PR_0047MA",0,int,DP02PR
DP02PR_0048E,Estimate!!GRANDPARENTS!!Responsible for grandchildren!!Years responsible for grandchildren!!5 or more years,,not required,"DP02PR_0048EA,
                DP02PR_0048M,
                DP02PR_0048MA",0,int,DP02PR
DP02PR_0049E,Estimate!!GRANDPARENTS!!Number of grandparents responsible for own grandchildren under 18 years,,not required,"DP02PR_0049EA,
                DP02PR_0049M,
                DP02PR_0049MA",0,int,DP02PR
DP02PR_0050E,Estimate!!GRANDPARENTS!!Who are female,,not required,"DP02PR_0050EA,
                DP02PR_0050M,
                DP02PR_0050MA",0,int,DP02PR
DP02PR_0051E,Estimate!!GRANDPARENTS!!Who are married,,not required,"DP02PR_0051EA,
                DP02PR_0051M,
                DP02PR_0051MA",0,int,DP02PR
DP02PR_0052E,Estimate!!SCHOOL ENROLLMENT!!Population 3 years and over enrolled in school,,not required,"DP02PR_0052EA,
                DP02PR_0052M,
                DP02PR_0052MA",0,int,DP02PR
DP02PR_0053E,"Estimate!!SCHOOL ENROLLMENT!!Nursery school, preschool",,not required,"DP02PR_0053EA,
                DP02PR_0053M,
                DP02PR_0053MA",0,int,DP02PR
DP02PR_0054E,Estimate!!SCHOOL ENROLLMENT!!Kindergarten,,not required,"DP02PR_0054EA,
                DP02PR_0054M,
                DP02PR_0054MA",0,int,DP02PR
DP02PR_0055E,Estimate!!SCHOOL ENROLLMENT!!Elementary school (grades 1-8),,not required,"DP02PR_0055EA,
                DP02PR_0055M,
                DP02PR_0055MA",0,int,DP02PR
DP02PR_0056E,Estimate!!SCHOOL ENROLLMENT!!High school (grades 9-12),,not required,"DP02PR_0056EA,
                DP02PR_0056M,
                DP02PR_0056MA",0,int,DP02PR
DP02PR_0057E,Estimate!!SCHOOL ENROLLMENT!!College or graduate school,,not required,"DP02PR_0057EA,
                DP02PR_0057M,
                DP02PR_0057MA",0,int,DP02PR
DP02PR_0058E,Estimate!!EDUCATIONAL ATTAINMENT!!Population 25 years and over,,not required,"DP02PR_0058EA,
                DP02PR_0058M,
                DP02PR_0058MA",0,int,DP02PR
DP02PR_0059E,Estimate!!EDUCATIONAL ATTAINMENT!!Less than 9th grade,,not required,"DP02PR_0059EA,
                DP02PR_0059M,
                DP02PR_0059MA",0,int,DP02PR
DP02PR_0060E,"Estimate!!EDUCATIONAL ATTAINMENT!!9th to 12th grade, no diploma",,not required,"DP02PR_0060EA,
                DP02PR_0060M,
                DP02PR_0060MA",0,int,DP02PR
DP02PR_0061E,Estimate!!EDUCATIONAL ATTAINMENT!!High school graduate (includes equivalency),,not required,"DP02PR_0061EA,
                DP02PR_0061M,
                DP02PR_0061MA",0,int,DP02PR
DP02PR_0062E,"Estimate!!EDUCATIONAL ATTAINMENT!!Some college, no degree",,not required,"DP02PR_0062EA,
                DP02PR_0062M,
                DP02PR_0062MA",0,int,DP02PR
DP02PR_0063E,Estimate!!EDUCATIONAL ATTAINMENT!!Associate's degree,,not required,"DP02PR_0063EA,
                DP02PR_0063M,
                DP02PR_0063MA",0,int,DP02PR
DP02PR_0064E,Estimate!!EDUCATIONAL ATTAINMENT!!Bachelor's degree,,not required,"DP02PR_0064EA,
                DP02PR_0064M,
                DP02PR_0064MA",0,int,DP02PR
DP02PR_0065E,Estimate!!EDUCATIONAL ATTAINMENT!!Graduate or professional degree,,not required,"DP02PR_0065EA,
                DP02PR_0065M,
                DP02PR_0065MA",0,int,DP02PR
DP02PR_0066E,Estimate!!EDUCATIONAL ATTAINMENT!!Percent high school graduate or higher,,not required,"DP02PR_0066EA,
                DP02PR_0066M,
                DP02PR_0066MA",0,int,DP02PR
DP02PR_0067E,Estimate!!EDUCATIONAL ATTAINMENT!!Percent bachelor's degree or higher,,not required,"DP02PR_0067EA,
                DP02PR_0067M,
                DP02PR_0067MA",0,int,DP02PR
DP02PR_0068E,Estimate!!VETERAN STATUS!!Civilian population 18 years and over,,not required,"DP02PR_0068EA,
                DP02PR_0068M,
                DP02PR_0068MA",0,int,DP02PR
DP02PR_0069E,Estimate!!VETERAN STATUS!!Civilian veterans,,not required,"DP02PR_0069EA,
                DP02PR_0069M,
                DP02PR_0069MA",0,int,DP02PR
DP02PR_0070E,Estimate!!DISABILITY STATUS OF THE CIVILIAN NONINSTITUTIONALIZED POPULATION!!Total Civilian Noninstitutionalized Population,,not required,"DP02PR_0070EA,
                DP02PR_0070M,
                DP02PR_0070MA",0,int,DP02PR
DP02PR_0071E,Estimate!!DISABILITY STATUS OF THE CIVILIAN NONINSTITUTIONALIZED POPULATION!!With a disability,,not required,"DP02PR_0071EA,
                DP02PR_0071M,
                DP02PR_0071MA",0,int,DP02PR
DP02PR_0072E,Estimate!!DISABILITY STATUS OF THE CIVILIAN NONINSTITUTIONALIZED POPULATION!!Under 18 years,,not required,"DP02PR_0072EA,
                DP02PR_0072M,
                DP02PR_0072MA",0,int,DP02PR
DP02PR_0073E,Estimate!!DISABILITY STATUS OF THE CIVILIAN NONINSTITUTIONALIZED POPULATION!!With a disability,,not required,"DP02PR_0073EA,
                DP02PR_0073M,
                DP02PR_0073MA",0,int,DP02PR
DP02PR_0074E,Estimate!!DISABILITY STATUS OF THE CIVILIAN NONINSTITUTIONALIZED POPULATION!!18 to 64 years,,not required,"DP02PR_0074EA,
                DP02PR_0074M,
                DP02PR_0074MA",0,int,DP02PR
DP02PR_0075E,Estimate!!DISABILITY STATUS OF THE CIVILIAN NONINSTITUTIONALIZED POPULATION!!With a disability,,not required,"DP02PR_0075EA,
                DP02PR_0075M,
                DP02PR_0075MA",0,int,DP02PR
DP02PR_0076E,Estimate!!DISABILITY STATUS OF THE CIVILIAN NONINSTITUTIONALIZED POPULATION!!65 years and over,,not required,"DP02PR_0076EA,
                DP02PR_0076M,
                DP02PR_0076MA",0,int,DP02PR
DP02PR_0077E,Estimate!!DISABILITY STATUS OF THE CIVILIAN NONINSTITUTIONALIZED POPULATION!!With a disability,,not required,"DP02PR_0077EA,
                DP02PR_0077M,
                DP02PR_0077MA",0,int,DP02PR
DP02PR_0078E,Estimate!!RESIDENCE 1 YEAR AGO!!Population 1 year and over,,not required,"DP02PR_0078EA,
                DP02PR_0078M,
                DP02PR_0078MA",0,int,DP02PR
DP02PR_0079E,Estimate!!RESIDENCE 1 YEAR AGO!!Same house,,not required,"DP02PR_0079EA,
                DP02PR_0079M,
                DP02PR_0079MA",0,int,DP02PR
DP02PR_0080E,Estimate!!RESIDENCE 1 YEAR AGO!!Different house in Puerto Rico or the U.S.,,not required,"DP02PR_0080EA,
                DP02PR_0080M,
                DP02PR_0080MA",0,int,DP02PR
DP02PR_0081E,Estimate!!RESIDENCE 1 YEAR AGO!!Different house in Puerto Rico or the U.S.!!In Puerto Rico,,not required,"DP02PR_0081EA,
                DP02PR_0081M,
                DP02PR_0081MA",0,int,DP02PR
DP02PR_0082E,Estimate!!RESIDENCE 1 YEAR AGO!!Different house in Puerto Rico or the U.S.!!In Puerto Rico!!Same municipio,,not required,"DP02PR_0082EA,
                DP02PR_0082M,
                DP02PR_0082MA",0,int,DP02PR
DP02PR_0083E,Estimate!!RESIDENCE 1 YEAR AGO!!Different house in Puerto Rico or the U.S.!!In Puerto Rico!!Different municipio,,not required,"DP02PR_0083EA,
                DP02PR_0083M,
                DP02PR_0083MA",0,int,DP02PR
DP02PR_0084E,Estimate!!RESIDENCE 1 YEAR AGO!!Different house in Puerto Rico or the U.S.!!In the United States,,not required,"DP02PR_0084EA,
                DP02PR_0084M,
                DP02PR_0084MA",0,int,DP02PR
DP02PR_0085E,Estimate!!RESIDENCE 1 YEAR AGO!!Elsewhere,,not required,"DP02PR_0085EA,
                DP02PR_0085M,
                DP02PR_0085MA",0,int,DP02PR
DP02PR_0086E,Estimate!!PLACE OF BIRTH!!Total population,,not required,"DP02PR_0086EA,
                DP02PR_0086M,
                DP02PR_0086MA",0,int,DP02PR
DP02PR_0087E,Estimate!!PLACE OF BIRTH!!Native,,not required,"DP02PR_0087EA,
                DP02PR_0087M,
                DP02PR_0087MA",0,int,DP02PR
DP02PR_0088E,Estimate!!PLACE OF BIRTH!!Native!!Born in Puerto Rico or the United States,,not required,"DP02PR_0088EA,
                DP02PR_0088M,
                DP02PR_0088MA",0,int,DP02PR
DP02PR_0089E,Estimate!!PLACE OF BIRTH!!Native!!Born in Puerto Rico or the United States!!In Puerto Rico,,not required,"DP02PR_0089EA,
                DP02PR_0089M,
                DP02PR_0089MA",0,int,DP02PR
DP02PR_0090E,Estimate!!PLACE OF BIRTH!!Native!!Born in Puerto Rico or the United States!!In the United States,,not required,"DP02PR_0090EA,
                DP02PR_0090M,
                DP02PR_0090MA",0,int,DP02PR
DP02PR_0091E,"Estimate!!PLACE OF BIRTH!!Native!!Born in U.S. Island Areas, or born abroad of American parents",,not required,"DP02PR_0091EA,
                DP02PR_0091M,
                DP02PR_0091MA",0,int,DP02PR
DP02PR_0092E,Estimate!!PLACE OF BIRTH!!Foreign born,,not required,"DP02PR_0092EA,
                DP02PR_0092M,
                DP02PR_0092MA",0,int,DP02PR
DP02PR_0093E,Estimate!!U.S. CITIZENSHIP STATUS!!Foreign-born population,,not required,"DP02PR_0093EA,
                DP02PR_0093M,
                DP02PR_0093MA",0,int,DP02PR
DP02PR_0094E,Estimate!!U.S. CITIZENSHIP STATUS!!Naturalized U.S. citizen,,not required,"DP02PR_0094EA,
                DP02PR_0094M,
                DP02PR_0094MA",0,int,DP02PR
DP02PR_0095E,Estimate!!U.S. CITIZENSHIP STATUS!!Not a U.S. citizen,,not required,"DP02PR_0095EA,
                DP02PR_0095M,
                DP02PR_0095MA",0,int,DP02PR
DP02PR_0096E,Estimate!!YEAR OF ENTRY!!Population born outside Puerto Rico,,not required,"DP02PR_0096EA,
                DP02PR_0096M,
                DP02PR_0096MA",0,int,DP02PR
DP02PR_0097E,Estimate!!YEAR OF ENTRY!!Native,,not required,"DP02PR_0097M,
                DP02PR_0097MA,
                DP02PR_0097EA",0,int,DP02PR
DP02PR_0098E,Estimate!!YEAR OF ENTRY!!Entered 2000 or later,,not required,"DP02PR_0098M,
                DP02PR_0098MA,
                DP02PR_0098EA",0,int,DP02PR
DP02PR_0099E,Estimate!!YEAR OF ENTRY!!Entered before 2000,,not required,"DP02PR_0099M,
                DP02PR_0099MA,
                DP02PR_0099EA",0,int,DP02PR
DP02PR_0100E,Estimate!!YEAR OF ENTRY!!Foreign born,,not required,"DP02PR_0100M,
                DP02PR_0100MA,
                DP02PR_0100EA",0,int,DP02PR
DP02PR_0101E,Estimate!!YEAR OF ENTRY!!Entered 2000 or later,,not required,"DP02PR_0101M,
                DP02PR_0101MA,
                DP02PR_0101EA",0,int,DP02PR
DP02PR_0102E,Estimate!!YEAR OF ENTRY!!Entered before 2000,,not required,"DP02PR_0102M,
                DP02PR_0102MA,
                DP02PR_0102EA",0,int,DP02PR
DP02PR_0103E,"Estimate!!WORLD REGION OF BIRTH OF FOREIGN BORN!!Foreign-born population, excluding population born at sea",,not required,"DP02PR_0103M,
                DP02PR_0103MA,
                DP02PR_0103EA",0,int,DP02PR
DP02PR_0104E,Estimate!!WORLD REGION OF BIRTH OF FOREIGN BORN!!Europe,,not required,"DP02PR_0104M,
                DP02PR_0104MA,
                DP02PR_0104EA",0,int,DP02PR
DP02PR_0105E,Estimate!!WORLD REGION OF BIRTH OF FOREIGN BORN!!Asia,,not required,"DP02PR_0105M,
                DP02PR_0105MA,
                DP02PR_0105EA",0,int,DP02PR
DP02PR_0106E,Estimate!!WORLD REGION OF BIRTH OF FOREIGN BORN!!Africa,,not required,"DP02PR_0106M,
                DP02PR_0106MA,
                DP02PR_0106EA",0,int,DP02PR
DP02PR_0107E,Estimate!!WORLD REGION OF BIRTH OF FOREIGN BORN!!Oceania,,not required,"DP02PR_0107M,
                DP02PR_0107MA,
                DP02PR_0107EA",0,int,DP02PR
DP02PR_0108E,Estimate!!WORLD REGION OF BIRTH OF FOREIGN BORN!!Latin America,,not required,"DP02PR_0108M,
                DP02PR_0108MA,
                DP02PR_0108EA",0,int,DP02PR
DP02PR_0109E,Estimate!!WORLD REGION OF BIRTH OF FOREIGN BORN!!Northern America,,not required,"DP02PR_0109M,
                DP02PR_0109MA,
                DP02PR_0109EA",0,int,DP02PR
DP02PR_0110E,Estimate!!LANGUAGE SPOKEN AT HOME!!Population 5 years and over,,not required,"DP02PR_0110M,
                DP02PR_0110MA,
                DP02PR_0110EA",0,int,DP02PR
DP02PR_0111E,Estimate!!LANGUAGE SPOKEN AT HOME!!English only,,not required,"DP02PR_0111M,
                DP02PR_0111MA,
                DP02PR_0111EA",0,int,DP02PR
DP02PR_0112E,Estimate!!LANGUAGE SPOKEN AT HOME!!Language other than English,,not required,"DP02PR_0112M,
                DP02PR_0112MA,
                DP02PR_0112EA",0,int,DP02PR
DP02PR_0113E,"Estimate!!LANGUAGE SPOKEN AT HOME!!Language other than English!!Speak English less than ""very well""",,not required,"DP02PR_0113M,
                DP02PR_0113MA,
                DP02PR_0113EA",0,int,DP02PR
DP02PR_0114E,Estimate!!LANGUAGE SPOKEN AT HOME!!Language other than English!!Spanish,,not required,"DP02PR_0114M,
                DP02PR_0114MA,
                DP02PR_0114EA",0,int,DP02PR
DP02PR_0115E,"Estimate!!LANGUAGE SPOKEN AT HOME!!Language other than English!!Spanish!!Speak English less than ""very well""",,not required,"DP02PR_0115M,
                DP02PR_0115MA,
                DP02PR_0115EA",0,int,DP02PR
DP02PR_0116E,Estimate!!LANGUAGE SPOKEN AT HOME!!Language other than English!!Other Indo-European languages,,not required,"DP02PR_0116M,
                DP02PR_0116MA,
                DP02PR_0116EA",0,int,DP02PR
DP02PR_0117E,"Estimate!!LANGUAGE SPOKEN AT HOME!!Language other than English!!Other Indo-European languages!!Speak English less than ""very well""",,not required,"DP02PR_0117M,
                DP02PR_0117MA,
                DP02PR_0117EA",0,int,DP02PR
DP02PR_0118E,Estimate!!LANGUAGE SPOKEN AT HOME!!Language other than English!!Asian and Pacific Islander languages,,not required,"DP02PR_0118M,
                DP02PR_0118MA,
                DP02PR_0118EA",0,int,DP02PR
DP02PR_0119E,"Estimate!!LANGUAGE SPOKEN AT HOME!!Language other than English!!Asian and Pacific Islander languages!!Speak English less than ""very well""",,not required,"DP02PR_0119M,
                DP02PR_0119MA,
                DP02PR_0119EA",0,int,DP02PR
DP02PR_0120E,Estimate!!LANGUAGE SPOKEN AT HOME!!Language other than English!!Other languages,,not required,"DP02PR_0120M,
                DP02PR_0120MA,
                DP02PR_0120EA",0,int,DP02PR
DP02PR_0121E,"Estimate!!LANGUAGE SPOKEN AT HOME!!Language other than English!!Other languages!!Speak English less than ""very well""",,not required,"DP02PR_0121M,
                DP02PR_0121MA,
                DP02PR_0121EA",0,int,DP02PR
DP02PR_0122E,Estimate!!ANCESTRY!!Total population,,not required,"DP02PR_0122EA,
                DP02PR_0122M,
                DP02PR_0122MA",0,int,DP02PR
DP02PR_0123E,Estimate!!ANCESTRY!!American,,not required,"DP02PR_0123EA,
                DP02PR_0123M,
                DP02PR_0123MA",0,int,DP02PR
DP02PR_0124E,Estimate!!ANCESTRY!!Arab,,not required,"DP02PR_0124EA,
                DP02PR_0124M,
                DP02PR_0124MA",0,int,DP02PR
DP02PR_0125E,Estimate!!ANCESTRY!!Czech,,not required,"DP02PR_0125EA,
                DP02PR_0125M,
                DP02PR_0125MA",0,int,DP02PR
DP02PR_0126E,Estimate!!ANCESTRY!!Danish,,not required,"DP02PR_0126EA,
                DP02PR_0126M,
                DP02PR_0126MA",0,int,DP02PR
DP02PR_0127E,Estimate!!ANCESTRY!!Dutch,,not required,"DP02PR_0127EA,
                DP02PR_0127M,
                DP02PR_0127MA",0,int,DP02PR
DP02PR_0128E,Estimate!!ANCESTRY!!English,,not required,"DP02PR_0128EA,
                DP02PR_0128M,
                DP02PR_0128MA",0,int,DP02PR
DP02PR_0129E,Estimate!!ANCESTRY!!French (except Basque),,not required,"DP02PR_0129EA,
                DP02PR_0129M,
                DP02PR_0129MA",0,int,DP02PR
DP02PR_0130E,Estimate!!ANCESTRY!!French Canadian,,not required,"DP02PR_0130EA,
                DP02PR_0130M,
                DP02PR_0130MA",0,int,DP02PR
DP02PR_0131E,Estimate!!ANCESTRY!!German,,not required,"DP02PR_0131EA,
                DP02PR_0131M,
                DP02PR_0131MA",0,int,DP02PR
DP02PR_0132E,Estimate!!ANCESTRY!!Greek,,not required,"DP02PR_0132EA,
                DP02PR_0132M,
                DP02PR_0132MA",0,int,DP02PR
DP02PR_0133E,Estimate!!ANCESTRY!!Hungarian,,not required,"DP02PR_0133EA,
                DP02PR_0133M,
                DP02PR_0133MA",0,int,DP02PR
DP02PR_0134E,Estimate!!ANCESTRY!!Irish,,not required,"DP02PR_0134EA,
                DP02PR_0134M,
                DP02PR_0134MA",0,int,DP02PR
DP02PR_0135E,Estimate!!ANCESTRY!!Italian,,not required,"DP02PR_0135EA,
                DP02PR_0135M,
                DP02PR_0135MA",0,int,DP02PR
DP02PR_0136E,Estimate!!ANCESTRY!!Lithuanian,,not required,"DP02PR_0136EA,
                DP02PR_0136M,
                DP02PR_0136MA",0,int,DP02PR
DP02PR_0137E,Estimate!!ANCESTRY!!Norwegian,,not required,"DP02PR_0137EA,
                DP02PR_0137M,
                DP02PR_0137MA",0,int,DP02PR
DP02PR_0138E,Estimate!!ANCESTRY!!Polish,,not required,"DP02PR_0138EA,
                DP02PR_0138M,
                DP02PR_0138MA",0,int,DP02PR
DP02PR_0139E,Estimate!!ANCESTRY!!Portuguese,,not required,"DP02PR_0139M,
                DP02PR_0139MA,
                DP02PR_0139EA",0,int,DP02PR
DP02PR_0140E,Estimate!!ANCESTRY!!Russian,,not required,"DP02PR_0140M,
                DP02PR_0140MA,
                DP02PR_0140EA",0,int,DP02PR
DP02PR_0141E,Estimate!!ANCESTRY!!Scotch-Irish,,not required,"DP02PR_0141M,
                DP02PR_0141MA,
                DP02PR_0141EA",0,int,DP02PR
DP02PR_0142E,Estimate!!ANCESTRY!!Scottish,,not required,"DP02PR_0142M,
                DP02PR_0142MA,
                DP02PR_0142EA",0,int,DP02PR
DP02PR_0143E,Estimate!!ANCESTRY!!Slovak,,not required,"DP02PR_0143M,
                DP02PR_0143MA,
                DP02PR_0143EA",0,int,DP02PR
DP02PR_0144E,Estimate!!ANCESTRY!!Subsaharan African,,not required,"DP02PR_0144M,
                DP02PR_0144MA,
                DP02PR_0144EA",0,int,DP02PR
DP02PR_0145E,Estimate!!ANCESTRY!!Swedish,,not required,"DP02PR_0145M,
                DP02PR_0145MA,
                DP02PR_0145EA",0,int,DP02PR
DP02PR_0146E,Estimate!!ANCESTRY!!Swiss,,not required,"DP02PR_0146M,
                DP02PR_0146MA,
                DP02PR_0146EA",0,int,DP02PR
DP02PR_0147E,Estimate!!ANCESTRY!!Ukrainian,,not required,"DP02PR_0147M,
                DP02PR_0147MA,
                DP02PR_0147EA",0,int,DP02PR
DP02PR_0148E,Estimate!!ANCESTRY!!Welsh,,not required,"DP02PR_0148M,
                DP02PR_0148MA,
                DP02PR_0148EA",0,int,DP02PR
DP02PR_0149E,Estimate!!ANCESTRY!!West Indian (excluding Hispanic origin groups),,not required,"DP02PR_0149M,
                DP02PR_0149MA,
                DP02PR_0149EA",0,int,DP02PR
DP03_0001E,Estimate!!EMPLOYMENT STATUS!!Population 16 years and over,,not required,"DP03_0001M,
                DP03_0001MA,
                DP03_0001EA",0,int,DP03
DP03_0002E,Estimate!!EMPLOYMENT STATUS!!In labor force,,not required,"DP03_0002M,
                DP03_0002MA,
                DP03_0002EA",0,int,DP03
DP03_0003E,Estimate!!EMPLOYMENT STATUS!!In labor force!!Civilian labor force,,not required,"DP03_0003M,
                DP03_0003MA,
                DP03_0003EA",0,int,DP03
DP03_0004E,Estimate!!EMPLOYMENT STATUS!!In labor force!!Civilian labor force!!Employed,,not required,"DP03_0004M,
                DP03_0004MA,
                DP03_0004EA",0,int,DP03
DP03_0005E,Estimate!!EMPLOYMENT STATUS!!In labor force!!Civilian labor force!!Unemployed,,not required,"DP03_0005M,
                DP03_0005MA,
                DP03_0005EA",0,int,DP03
DP03_0006E,Estimate!!EMPLOYMENT STATUS!!In labor force!!Armed Forces,,not required,"DP03_0006M,
                DP03_0006MA,
                DP03_0006EA",0,int,DP03
DP03_0007E,Estimate!!EMPLOYMENT STATUS!!Not in labor force,,not required,"DP03_0007M,
                DP03_0007MA,
                DP03_0007EA",0,int,DP03
DP03_0008E,Estimate!!EMPLOYMENT STATUS!!Civilian labor force,,not required,"DP03_0008M,
                DP03_0008MA,
                DP03_0008EA",0,int,DP03
DP03_0009E,Estimate!!EMPLOYMENT STATUS!!Percent Unemployed,,not required,"DP03_0009M,
                DP03_0009MA,
                DP03_0009EA",0,int,DP03
DP03_0010E,Estimate!!EMPLOYMENT STATUS!!Females 16 years and over,,not required,"DP03_0010M,
                DP03_0010MA,
                DP03_0010EA",0,int,DP03
DP03_0011E,Estimate!!EMPLOYMENT STATUS!!In labor force,,not required,"DP03_0011M,
                DP03_0011MA,
                DP03_0011EA",0,int,DP03
DP03_0012E,Estimate!!EMPLOYMENT STATUS!!In labor force!!Civilian labor force,,not required,"DP03_0012M,
                DP03_0012MA,
                DP03_0012EA",0,int,DP03
DP03_0013E,Estimate!!EMPLOYMENT STATUS!!In labor force!!Civilian labor force!!Employed,,not required,"DP03_0013M,
                DP03_0013MA,
                DP03_0013EA",0,int,DP03
DP03_0014E,Estimate!!EMPLOYMENT STATUS!!Own children under 6 years,,not required,"DP03_0014M,
                DP03_0014MA,
                DP03_0014EA",0,int,DP03
DP03_0015E,Estimate!!EMPLOYMENT STATUS!!All parents in family in labor force,,not required,"DP03_0015M,
                DP03_0015MA,
                DP03_0015EA",0,int,DP03
DP03_0016E,Estimate!!EMPLOYMENT STATUS!!Own children 6 to 17 years,,not required,"DP03_0016M,
                DP03_0016MA,
                DP03_0016EA",0,int,DP03
DP03_0017E,Estimate!!EMPLOYMENT STATUS!!All parents in family in labor force,,not required,"DP03_0017M,
                DP03_0017MA,
                DP03_0017EA",0,int,DP03
DP03_0018E,Estimate!!COMMUTING TO WORK!!Workers 16 years and over,,not required,"DP03_0018M,
                DP03_0018MA,
                DP03_0018EA",0,int,DP03
DP03_0019E,"Estimate!!COMMUTING TO WORK!!Car, truck, or van -- drove alone",,not required,"DP03_0019M,
                DP03_0019MA,
                DP03_0019EA",0,int,DP03
DP03_0020E,"Estimate!!COMMUTING TO WORK!!Car, truck, or van -- carpooled",,not required,"DP03_0020M,
                DP03_0020MA,
                DP03_0020EA",0,int,DP03
DP03_0021E,Estimate!!COMMUTING TO WORK!!Public transportation (excluding taxicab),,not required,"DP03_0021M,
                DP03_0021MA,
                DP03_0021EA",0,int,DP03
DP03_0022E,Estimate!!COMMUTING TO WORK!!Walked,,not required,"DP03_0022M,
                DP03_0022MA,
                DP03_0022EA",0,int,DP03
DP03_0023E,Estimate!!COMMUTING TO WORK!!Other means,,not required,"DP03_0023M,
                DP03_0023MA,
                DP03_0023EA",0,int,DP03
DP03_0024E,Estimate!!COMMUTING TO WORK!!Worked at home,,not required,"DP03_0024M,
                DP03_0024MA,
                DP03_0024EA",0,int,DP03
DP03_0025E,Estimate!!COMMUTING TO WORK!!Mean travel time to work (minutes),,not required,"DP03_0025M,
                DP03_0025MA,
                DP03_0025EA",0,float,DP03
DP03_0026E,Estimate!!OCCUPATION!!Civilian employed population 16 years and over,,not required,"DP03_0026M,
                DP03_0026MA,
                DP03_0026EA",0,int,DP03
DP03_0027E,"Estimate!!OCCUPATION!!Management, business, science, and arts occupations",,not required,"DP03_0027M,
                DP03_0027MA,
                DP03_0027EA",0,int,DP03
DP03_0028E,Estimate!!OCCUPATION!!Service occupations,,not required,"DP03_0028M,
                DP03_0028MA,
                DP03_0028EA",0,int,DP03
DP03_0029E,Estimate!!OCCUPATION!!Sales and office occupations,,not required,"DP03_0029M,
                DP03_0029MA,
                DP03_0029EA",0,int,DP03
DP03_0030E,"Estimate!!OCCUPATION!!Natural resources, construction, and maintenance occupations",,not required,"DP03_0030M,
                DP03_0030MA,
                DP03_0030EA",0,int,DP03
DP03_0031E,"Estimate!!OCCUPATION!!Production, transportation, and material moving occupations",,not required,"DP03_0031M,
                DP03_0031MA,
                DP03_0031EA",0,int,DP03
DP03_0032E,Estimate!!INDUSTRY!!Civilian employed population 16 years and over,,not required,"DP03_0032M,
                DP03_0032MA,
                DP03_0032EA",0,int,DP03
DP03_0033E,"Estimate!!INDUSTRY!!Agriculture, forestry, fishing and hunting, and mining",,not required,"DP03_0033M,
                DP03_0033MA,
                DP03_0033EA",0,int,DP03
DP03_0034E,Estimate!!INDUSTRY!!Construction,,not required,"DP03_0034M,
                DP03_0034MA,
                DP03_0034EA",0,int,DP03
DP03_0035E,Estimate!!INDUSTRY!!Manufacturing,,not required,"DP03_0035M,
                DP03_0035MA,
                DP03_0035EA",0,int,DP03
DP03_0036E,Estimate!!INDUSTRY!!Wholesale trade,,not required,"DP03_0036M,
                DP03_0036MA,
                DP03_0036EA",0,int,DP03
DP03_0037E,Estimate!!INDUSTRY!!Retail trade,,not required,"DP03_0037M,
                DP03_0037MA,
                DP03_0037EA",0,int,DP03
DP03_0038E,"Estimate!!INDUSTRY!!Transportation and warehousing, and utilities",,not required,"DP03_0038M,
                DP03_0038MA,
                DP03_0038EA",0,int,DP03
DP03_0039E,Estimate!!INDUSTRY!!Information,,not required,"DP03_0039M,
                DP03_0039MA,
                DP03_0039EA",0,int,DP03
DP03_0040E,"Estimate!!INDUSTRY!!Finance and insurance, and real estate and rental and leasing",,not required,"DP03_0040M,
                DP03_0040MA,
                DP03_0040EA",0,int,DP03
DP03_0041E,"Estimate!!INDUSTRY!!Professional, scientific, and management, and administrative and waste management services",,not required,"DP03_0041M,
                DP03_0041MA,
                DP03_0041EA",0,int,DP03
DP03_0042E,"Estimate!!INDUSTRY!!Educational services, and health care and social assistance",,not required,"DP03_0042M,
                DP03_0042MA,
                DP03_0042EA",0,int,DP03
DP03_0043E,"Estimate!!INDUSTRY!!Arts, entertainment, and recreation, and accommodation and food services",,not required,"DP03_0043M,
                DP03_0043MA,
                DP03_0043EA",0,int,DP03
DP03_0044E,"Estimate!!INDUSTRY!!Other services, except public administration",,not required,"DP03_0044M,
                DP03_0044MA,
                DP03_0044EA",0,int,DP03
DP03_0045E,Estimate!!INDUSTRY!!Public administration,,not required,"DP03_0045M,
                DP03_0045MA,
                DP03_0045EA",0,int,DP03
DP03_0046E,Estimate!!CLASS OF WORKER!!Civilian employed population 16 years and over,,not required,"DP03_0046M,
                DP03_0046MA,
                DP03_0046EA",0,int,DP03
DP03_0047E,Estimate!!CLASS OF WORKER!!Private wage and salary workers,,not required,"DP03_0047M,
                DP03_0047MA,
                DP03_0047EA",0,int,DP03
DP03_0048E,Estimate!!CLASS OF WORKER!!Government workers,,not required,"DP03_0048M,
                DP03_0048MA,
                DP03_0048EA",0,int,DP03
DP03_0049E,Estimate!!CLASS OF WORKER!!Self-employed in own not incorporated business workers,,not required,"DP03_0049M,
                DP03_0049MA,
                DP03_0049EA",0,int,DP03
DP03_0050E,Estimate!!CLASS OF WORKER!!Unpaid family workers,,not required,"DP03_0050M,
                DP03_0050MA,
                DP03_0050EA",0,int,DP03
DP03_0051E,Estimate!!INCOME AND BENEFITS (IN 2010 INFLATION-ADJUSTED DOLLARS)!!Total households,,not required,"DP03_0051M,
                DP03_0051MA,
                DP03_0051EA",0,int,DP03
DP03_0052E,"Estimate!!INCOME AND BENEFITS (IN 2010 INFLATION-ADJUSTED DOLLARS)!!Less than $10,000",,not required,"DP03_0052M,
                DP03_0052MA,
                DP03_0052EA",0,int,DP03
DP03_0053E,"Estimate!!INCOME AND BENEFITS (IN 2010 INFLATION-ADJUSTED DOLLARS)!!$10,000 to $14,999",,not required,"DP03_0053M,
                DP03_0053MA,
                DP03_0053EA",0,int,DP03
DP03_0054E,"Estimate!!INCOME AND BENEFITS (IN 2010 INFLATION-ADJUSTED DOLLARS)!!$15,000 to $24,999",,not required,"DP03_0054M,
                DP03_0054MA,
                DP03_0054EA",0,int,DP03
DP03_0055E,"Estimate!!INCOME AND BENEFITS (IN 2010 INFLATION-ADJUSTED DOLLARS)!!$25,000 to $34,999",,not required,"DP03_0055M,
                DP03_0055MA,
                DP03_0055EA",0,int,DP03
DP03_0056E,"Estimate!!INCOME AND BENEFITS (IN 2010 INFLATION-ADJUSTED DOLLARS)!!$35,000 to $49,999",,not required,"DP03_0056M,
                DP03_0056MA,
                DP03_0056EA",0,int,DP03
DP03_0057E,"Estimate!!INCOME AND BENEFITS (IN 2010 INFLATION-ADJUSTED DOLLARS)!!$50,000 to $74,999",,not required,"DP03_0057M,
                DP03_0057MA,
                DP03_0057EA",0,int,DP03
DP03_0058E,"Estimate!!INCOME AND BENEFITS (IN 2010 INFLATION-ADJUSTED DOLLARS)!!$75,000 to $99,999",,not required,"DP03_0058M,
                DP03_0058MA,
                DP03_0058EA",0,int,DP03
DP03_0059E,"Estimate!!INCOME AND BENEFITS (IN 2010 INFLATION-ADJUSTED DOLLARS)!!$100,000 to $149,999",,not required,"DP03_0059M,
                DP03_0059MA,
                DP03_0059EA",0,int,DP03
DP03_0060E,"Estimate!!INCOME AND BENEFITS (IN 2010 INFLATION-ADJUSTED DOLLARS)!!$150,000 to $199,999",,not required,"DP03_0060M,
                DP03_0060MA,
                DP03_0060EA",0,int,DP03
DP03_0061E,"Estimate!!INCOME AND BENEFITS (IN 2010 INFLATION-ADJUSTED DOLLARS)!!$200,000 or more",,not required,"DP03_0061M,
                DP03_0061MA,
                DP03_0061EA",0,int,DP03
DP03_0062E,Estimate!!INCOME AND BENEFITS (IN 2010 INFLATION-ADJUSTED DOLLARS)!!Median household income (dollars),,not required,"DP03_0062M,
                DP03_0062MA,
                DP03_0062EA",0,int,DP03
DP03_0063E,Estimate!!INCOME AND BENEFITS (IN 2010 INFLATION-ADJUSTED DOLLARS)!!Mean household income (dollars),,not required,"DP03_0063M,
                DP03_0063MA,
                DP03_0063EA",0,int,DP03
DP03_0064E,Estimate!!INCOME AND BENEFITS (IN 2010 INFLATION-ADJUSTED DOLLARS)!!With earnings,,not required,"DP03_0064M,
                DP03_0064MA,
                DP03_0064EA",0,int,DP03
DP03_0065E,Estimate!!INCOME AND BENEFITS (IN 2010 INFLATION-ADJUSTED DOLLARS)!!With earnings!!Mean earnings (dollars),,not required,"DP03_0065M,
                DP03_0065MA,
                DP03_0065EA",0,int,DP03
DP03_0066E,Estimate!!INCOME AND BENEFITS (IN 2010 INFLATION-ADJUSTED DOLLARS)!!With Social Security,,not required,"DP03_0066M,
                DP03_0066MA,
                DP03_0066EA",0,int,DP03
DP03_0067E,Estimate!!INCOME AND BENEFITS (IN 2010 INFLATION-ADJUSTED DOLLARS)!!With Social Security!!Mean Social Security income (dollars),,not required,"DP03_0067M,
                DP03_0067MA,
                DP03_0067EA",0,int,DP03
DP03_0068E,Estimate!!INCOME AND BENEFITS (IN 2010 INFLATION-ADJUSTED DOLLARS)!!With retirement income,,not required,"DP03_0068M,
                DP03_0068MA,
                DP03_0068EA",0,int,DP03
DP03_0069E,Estimate!!INCOME AND BENEFITS (IN 2010 INFLATION-ADJUSTED DOLLARS)!!With retirement income!!Mean retirement income (dollars),,not required,"DP03_0069M,
                DP03_0069MA,
                DP03_0069EA",0,int,DP03
DP03_0070E,Estimate!!INCOME AND BENEFITS (IN 2010 INFLATION-ADJUSTED DOLLARS)!!With Supplemental Security Income,,not required,"DP03_0070M,
                DP03_0070MA,
                DP03_0070EA",0,int,DP03
DP03_0071E,Estimate!!INCOME AND BENEFITS (IN 2010 INFLATION-ADJUSTED DOLLARS)!!With Supplemental Security Income!!Mean Supplemental Security Income (dollars),,not required,"DP03_0071M,
                DP03_0071MA,
                DP03_0071EA",0,int,DP03
DP03_0072E,Estimate!!INCOME AND BENEFITS (IN 2010 INFLATION-ADJUSTED DOLLARS)!!With cash public assistance income,,not required,"DP03_0072M,
                DP03_0072MA,
                DP03_0072EA",0,int,DP03
DP03_0073E,Estimate!!INCOME AND BENEFITS (IN 2010 INFLATION-ADJUSTED DOLLARS)!!With cash public assistance income!!Mean cash public assistance income (dollars),,not required,"DP03_0073M,
                DP03_0073MA,
                DP03_0073EA",0,int,DP03
DP03_0074E,Estimate!!INCOME AND BENEFITS (IN 2010 INFLATION-ADJUSTED DOLLARS)!!With Food Stamp/SNAP benefits in the past 12 months,,not required,"DP03_0074M,
                DP03_0074MA,
                DP03_0074EA",0,int,DP03
DP03_0075E,Estimate!!INCOME AND BENEFITS (IN 2010 INFLATION-ADJUSTED DOLLARS)!!Families,,not required,"DP03_0075M,
                DP03_0075MA,
                DP03_0075EA",0,int,DP03
DP03_0076E,"Estimate!!INCOME AND BENEFITS (IN 2010 INFLATION-ADJUSTED DOLLARS)!!Less than $10,000",,not required,"DP03_0076M,
                DP03_0076MA,
                DP03_0076EA",0,int,DP03
DP03_0077E,"Estimate!!INCOME AND BENEFITS (IN 2010 INFLATION-ADJUSTED DOLLARS)!!$10,000 to $14,999",,not required,"DP03_0077M,
                DP03_0077MA,
                DP03_0077EA",0,int,DP03
DP03_0078E,"Estimate!!INCOME AND BENEFITS (IN 2010 INFLATION-ADJUSTED DOLLARS)!!$15,000 to $24,999",,not required,"DP03_0078M,
                DP03_0078MA,
                DP03_0078EA",0,int,DP03
DP03_0079E,"Estimate!!INCOME AND BENEFITS (IN 2010 INFLATION-ADJUSTED DOLLARS)!!$25,000 to $34,999",,not required,"DP03_0079M,
                DP03_0079MA,
                DP03_0079EA",0,int,DP03
DP03_0080E,"Estimate!!INCOME AND BENEFITS (IN 2010 INFLATION-ADJUSTED DOLLARS)!!$35,000 to $49,999",,not required,"DP03_0080M,
                DP03_0080MA,
                DP03_0080EA",0,int,DP03
DP03_0081E,"Estimate!!INCOME AND BENEFITS (IN 2010 INFLATION-ADJUSTED DOLLARS)!!$50,000 to $74,999",,not required,"DP03_0081M,
                DP03_0081MA,
                DP03_0081EA",0,int,DP03
DP03_0082E,"Estimate!!INCOME AND BENEFITS (IN 2010 INFLATION-ADJUSTED DOLLARS)!!$75,000 to $99,999",,not required,"DP03_0082M,
                DP03_0082MA,
                DP03_0082EA",0,int,DP03
DP03_0083E,"Estimate!!INCOME AND BENEFITS (IN 2010 INFLATION-ADJUSTED DOLLARS)!!$100,000 to $149,999",,not required,"DP03_0083M,
                DP03_0083MA,
                DP03_0083EA",0,int,DP03
DP03_0084E,"Estimate!!INCOME AND BENEFITS (IN 2010 INFLATION-ADJUSTED DOLLARS)!!$150,000 to $199,999",,not required,"DP03_0084M,
                DP03_0084MA,
                DP03_0084EA",0,int,DP03
DP03_0085E,"Estimate!!INCOME AND BENEFITS (IN 2010 INFLATION-ADJUSTED DOLLARS)!!$200,000 or more",,not required,"DP03_0085M,
                DP03_0085MA,
                DP03_0085EA",0,int,DP03
DP03_0086E,Estimate!!INCOME AND BENEFITS (IN 2010 INFLATION-ADJUSTED DOLLARS)!!Median family income (dollars),,not required,"DP03_0086M,
                DP03_0086MA,
                DP03_0086EA",0,int,DP03
DP03_0087E,Estimate!!INCOME AND BENEFITS (IN 2010 INFLATION-ADJUSTED DOLLARS)!!Mean family income (dollars),,not required,"DP03_0087M,
                DP03_0087MA,
                DP03_0087EA",0,int,DP03
DP03_0088E,Estimate!!INCOME AND BENEFITS (IN 2010 INFLATION-ADJUSTED DOLLARS)!!Per capita income (dollars),,not required,"DP03_0088M,
                DP03_0088MA,
                DP03_0088EA",0,int,DP03
DP03_0089E,Estimate!!INCOME AND BENEFITS (IN 2010 INFLATION-ADJUSTED DOLLARS)!!Nonfamily households,,not required,"DP03_0089M,
                DP03_0089MA,
                DP03_0089EA",0,int,DP03
DP03_0090E,Estimate!!INCOME AND BENEFITS (IN 2010 INFLATION-ADJUSTED DOLLARS)!!Median nonfamily income (dollars),,not required,"DP03_0090M,
                DP03_0090MA,
                DP03_0090EA",0,int,DP03
DP03_0091E,Estimate!!INCOME AND BENEFITS (IN 2010 INFLATION-ADJUSTED DOLLARS)!!Mean nonfamily income (dollars),,not required,"DP03_0091M,
                DP03_0091MA,
                DP03_0091EA",0,int,DP03
DP03_0092E,Estimate!!INCOME AND BENEFITS (IN 2010 INFLATION-ADJUSTED DOLLARS)!!Median earnings for workers (dollars),,not required,"DP03_0092M,
                DP03_0092MA,
                DP03_0092EA",0,int,DP03
DP03_0093E,"Estimate!!INCOME AND BENEFITS (IN 2010 INFLATION-ADJUSTED DOLLARS)!!Median earnings for male full-time, year-round workers (dollars)",,not required,"DP03_0093M,
                DP03_0093MA,
                DP03_0093EA",0,int,DP03
DP03_0094E,"Estimate!!INCOME AND BENEFITS (IN 2010 INFLATION-ADJUSTED DOLLARS)!!Median earnings for female full-time, year-round workers (dollars)",,not required,"DP03_0094M,
                DP03_0094MA,
                DP03_0094EA",0,int,DP03
DP03_0095E,Estimate!!HEALTH INSURANCE COVERAGE!!Civilian noninstitutionalized population,,not required,"DP03_0095M,
                DP03_0095MA,
                DP03_0095EA",0,int,DP03
DP03_0096E,Estimate!!HEALTH INSURANCE COVERAGE!!With health insurance coverage,,not required,"DP03_0096M,
                DP03_0096MA,
                DP03_0096EA",0,int,DP03
DP03_0097E,Estimate!!HEALTH INSURANCE COVERAGE!!With health insurance coverage!!With private health insurance,,not required,"DP03_0097M,
                DP03_0097MA,
                DP03_0097EA",0,int,DP03
DP03_0098E,Estimate!!HEALTH INSURANCE COVERAGE!!With health insurance coverage!!With public coverage,,not required,"DP03_0098M,
                DP03_0098MA,
                DP03_0098EA",0,int,DP03
DP03_0099E,Estimate!!HEALTH INSURANCE COVERAGE!!No health insurance coverage,,not required,"DP03_0099M,
                DP03_0099MA,
                DP03_0099EA",0,int,DP03
DP03_0100E,Estimate!!HEALTH INSURANCE COVERAGE!!Civilian noninstitutionalized population under 18 years,,not required,"DP03_0100M,
                DP03_0100MA,
                DP03_0100EA",0,int,DP03
DP03_0101E,Estimate!!HEALTH INSURANCE COVERAGE!!No health insurance coverage,,not required,"DP03_0101M,
                DP03_0101MA,
                DP03_0101EA",0,int,DP03
DP03_0102E,Estimate!!HEALTH INSURANCE COVERAGE!!Civilian noninstitutionalized population 18 to 64 years,,not required,"DP03_0102M,
                DP03_0102MA,
                DP03_0102EA",0,int,DP03
DP03_0103E,Estimate!!HEALTH INSURANCE COVERAGE!!In labor force,,not required,"DP03_0103M,
                DP03_0103MA,
                DP03_0103EA",0,int,DP03
DP03_0104E,Estimate!!HEALTH INSURANCE COVERAGE!!In labor force!!Employed,,not required,"DP03_0104M,
                DP03_0104MA,
                DP03_0104EA",0,int,DP03
DP03_0105E,Estimate!!HEALTH INSURANCE COVERAGE!!In labor force!!Employed!!With health insurance coverage,,not required,"DP03_0105M,
                DP03_0105MA,
                DP03_0105EA",0,int,DP03
DP03_0106E,Estimate!!HEALTH INSURANCE COVERAGE!!In labor force!!Employed!!With health insurance coverage!!With private health insurance,,not required,"DP03_0106M,
                DP03_0106MA,
                DP03_0106EA",0,int,DP03
DP03_0107E,Estimate!!HEALTH INSURANCE COVERAGE!!In labor force!!Employed!!With health insurance coverage!!With public coverage,,not required,"DP03_0107M,
                DP03_0107MA,
                DP03_0107EA",0,int,DP03
DP03_0108E,Estimate!!HEALTH INSURANCE COVERAGE!!In labor force!!Employed!!No health insurance coverage,,not required,"DP03_0108M,
                DP03_0108MA,
                DP03_0108EA",0,int,DP03
DP03_0109E,Estimate!!HEALTH INSURANCE COVERAGE!!In labor force!!Unemployed,,not required,"DP03_0109M,
                DP03_0109MA,
                DP03_0109EA",0,int,DP03
DP03_0110E,Estimate!!HEALTH INSURANCE COVERAGE!!In labor force!!Unemployed!!With health insurance coverage,,not required,"DP03_0110M,
                DP03_0110MA,
                DP03_0110EA",0,int,DP03
DP03_0111E,Estimate!!HEALTH INSURANCE COVERAGE!!In labor force!!Unemployed!!With health insurance coverage!!With private health insurance,,not required,"DP03_0111M,
                DP03_0111MA,
                DP03_0111EA",0,int,DP03
DP03_0112E,Estimate!!HEALTH INSURANCE COVERAGE!!In labor force!!Unemployed!!With health insurance coverage!!With public coverage,,not required,"DP03_0112M,
                DP03_0112MA,
                DP03_0112EA",0,int,DP03
DP03_0113E,Estimate!!HEALTH INSURANCE COVERAGE!!In labor force!!Unemployed!!No health insurance coverage,,not required,"DP03_0113M,
                DP03_0113MA,
                DP03_0113EA",0,int,DP03
DP03_0114E,Estimate!!HEALTH INSURANCE COVERAGE!!Not in labor force,,not required,"DP03_0114M,
                DP03_0114MA,
                DP03_0114EA",0,int,DP03
DP03_0115E,Estimate!!HEALTH INSURANCE COVERAGE!!Not in labor force!!With health insurance coverage,,not required,"DP03_0115M,
                DP03_0115MA,
                DP03_0115EA",0,int,DP03
DP03_0116E,Estimate!!HEALTH INSURANCE COVERAGE!!Not in labor force!!With health insurance coverage!!With private health insurance,,not required,"DP03_0116M,
                DP03_0116MA,
                DP03_0116EA",0,int,DP03
DP03_0117E,Estimate!!HEALTH INSURANCE COVERAGE!!Not in labor force!!With health insurance coverage!!With public coverage,,not required,"DP03_0117M,
                DP03_0117MA,
                DP03_0117EA",0,int,DP03
DP03_0118E,Estimate!!HEALTH INSURANCE COVERAGE!!Not in labor force!!No health insurance coverage,,not required,"DP03_0118M,
                DP03_0118MA,
                DP03_0118EA",0,int,DP03
DP03_0119E,Estimate!!PERCENTAGE OF FAMILIES AND PEOPLE WHOSE INCOME IN THE PAST 12 MONTHS IS BELOW THE POVERTY LEVEL!!All families,,not required,"DP03_0119M,
                DP03_0119MA,
                DP03_0119EA",0,int,DP03
DP03_0120E,Estimate!!PERCENTAGE OF FAMILIES AND PEOPLE WHOSE INCOME IN THE PAST 12 MONTHS IS BELOW THE POVERTY LEVEL!!All families!!With related children under 18 years,,not required,"DP03_0120M,
                DP03_0120MA,
                DP03_0120EA",0,int,DP03
DP03_0121E,Estimate!!PERCENTAGE OF FAMILIES AND PEOPLE WHOSE INCOME IN THE PAST 12 MONTHS IS BELOW THE POVERTY LEVEL!!All families!!With related children under 18 years!!With related children under 5 years only,,not required,"DP03_0121M,
                DP03_0121MA,
                DP03_0121EA",0,int,DP03
DP03_0122E,Estimate!!PERCENTAGE OF FAMILIES AND PEOPLE WHOSE INCOME IN THE PAST 12 MONTHS IS BELOW THE POVERTY LEVEL!!Married couple families,,not required,"DP03_0122M,
                DP03_0122MA,
                DP03_0122EA",0,int,DP03
DP03_0123E,Estimate!!PERCENTAGE OF FAMILIES AND PEOPLE WHOSE INCOME IN THE PAST 12 MONTHS IS BELOW THE POVERTY LEVEL!!Married couple families!!With related children under 18 years,,not required,"DP03_0123M,
                DP03_0123MA,
                DP03_0123EA",0,int,DP03
DP03_0124E,Estimate!!PERCENTAGE OF FAMILIES AND PEOPLE WHOSE INCOME IN THE PAST 12 MONTHS IS BELOW THE POVERTY LEVEL!!Married couple families!!With related children under 18 years!!With related children under 5 years only,,not required,"DP03_0124M,
                DP03_0124MA,
                DP03_0124EA",0,int,DP03
DP03_0125E,"Estimate!!PERCENTAGE OF FAMILIES AND PEOPLE WHOSE INCOME IN THE PAST 12 MONTHS IS BELOW THE POVERTY LEVEL!!Families with female householder, no husband present",,not required,"DP03_0125M,
                DP03_0125MA,
                DP03_0125EA",0,int,DP03
DP03_0126E,"Estimate!!PERCENTAGE OF FAMILIES AND PEOPLE WHOSE INCOME IN THE PAST 12 MONTHS IS BELOW THE POVERTY LEVEL!!Families with female householder, no husband present!!With related children under 18 years",,not required,"DP03_0126M,
                DP03_0126MA,
                DP03_0126EA",0,int,DP03
DP03_0127E,"Estimate!!PERCENTAGE OF FAMILIES AND PEOPLE WHOSE INCOME IN THE PAST 12 MONTHS IS BELOW THE POVERTY LEVEL!!Families with female householder, no husband present!!With related children under 18 years!!With related children under 5 years only",,not required,"DP03_0127M,
                DP03_0127MA,
                DP03_0127EA",0,int,DP03
DP03_0128E,Estimate!!PERCENTAGE OF FAMILIES AND PEOPLE WHOSE INCOME IN THE PAST 12 MONTHS IS BELOW THE POVERTY LEVEL!!All people,,not required,"DP03_0128M,
                DP03_0128MA,
                DP03_0128EA",0,int,DP03
DP03_0129E,Estimate!!PERCENTAGE OF FAMILIES AND PEOPLE WHOSE INCOME IN THE PAST 12 MONTHS IS BELOW THE POVERTY LEVEL!!Under 18 years,,not required,"DP03_0129EA,
                DP03_0129M,
                DP03_0129MA",0,int,DP03
DP03_0130E,Estimate!!PERCENTAGE OF FAMILIES AND PEOPLE WHOSE INCOME IN THE PAST 12 MONTHS IS BELOW THE POVERTY LEVEL!!Under 18 years!!Related children under 18 years,,not required,"DP03_0130EA,
                DP03_0130M,
                DP03_0130MA",0,int,DP03
DP03_0131E,Estimate!!PERCENTAGE OF FAMILIES AND PEOPLE WHOSE INCOME IN THE PAST 12 MONTHS IS BELOW THE POVERTY LEVEL!!Under 18 years!!Related children under 18 years!!Related children under 5 years,,not required,"DP03_0131EA,
                DP03_0131M,
                DP03_0131MA",0,int,DP03
DP03_0132E,Estimate!!PERCENTAGE OF FAMILIES AND PEOPLE WHOSE INCOME IN THE PAST 12 MONTHS IS BELOW THE POVERTY LEVEL!!Under 18 years!!Related children under 18 years!!Related children 5 to 17 years,,not required,"DP03_0132EA,
                DP03_0132M,
                DP03_0132MA",0,int,DP03
DP03_0133E,Estimate!!PERCENTAGE OF FAMILIES AND PEOPLE WHOSE INCOME IN THE PAST 12 MONTHS IS BELOW THE POVERTY LEVEL!!18 years and over,,not required,"DP03_0133EA,
                DP03_0133M,
                DP03_0133MA",0,int,DP03
DP03_0134E,Estimate!!PERCENTAGE OF FAMILIES AND PEOPLE WHOSE INCOME IN THE PAST 12 MONTHS IS BELOW THE POVERTY LEVEL!!18 years and over!!18 to 64 years,,not required,"DP03_0134EA,
                DP03_0134M,
                DP03_0134MA",0,int,DP03
DP03_0135E,Estimate!!PERCENTAGE OF FAMILIES AND PEOPLE WHOSE INCOME IN THE PAST 12 MONTHS IS BELOW THE POVERTY LEVEL!!18 years and over!!65 years and over,,not required,"DP03_0135EA,
                DP03_0135M,
                DP03_0135MA",0,int,DP03
DP03_0136E,Estimate!!PERCENTAGE OF FAMILIES AND PEOPLE WHOSE INCOME IN THE PAST 12 MONTHS IS BELOW THE POVERTY LEVEL!!People in families,,not required,"DP03_0136EA,
                DP03_0136M,
                DP03_0136MA",0,int,DP03
DP03_0137E,Estimate!!PERCENTAGE OF FAMILIES AND PEOPLE WHOSE INCOME IN THE PAST 12 MONTHS IS BELOW THE POVERTY LEVEL!!Unrelated individuals 15 years and over,,not required,"DP03_0137EA,
                DP03_0137M,
                DP03_0137MA",0,int,DP03
DP05_0001E,Estimate!!SEX AND AGE!!Total population,,not required,"DP05_0001EA,
                DP05_0001M,
                DP05_0001MA",0,int,DP05
DP05_0002E,Estimate!!SEX AND AGE!!Male,,not required,"DP05_0002EA,
                DP05_0002M,
                DP05_0002MA",0,int,DP05
DP05_0003E,Estimate!!SEX AND AGE!!Female,,not required,"DP05_0003EA,
                DP05_0003M,
                DP05_0003MA",0,int,DP05
DP05_0004E,Estimate!!SEX AND AGE!!Under 5 years,,not required,"DP05_0004EA,
                DP05_0004M,
                DP05_0004MA",0,int,DP05
DP05_0005E,Estimate!!SEX AND AGE!!5 to 9 years,,not required,"DP05_0005EA,
                DP05_0005M,
                DP05_0005MA",0,int,DP05
DP05_0006E,Estimate!!SEX AND AGE!!10 to 14 years,,not required,"DP05_0006EA,
                DP05_0006M,
                DP05_0006MA",0,int,DP05
DP05_0007E,Estimate!!SEX AND AGE!!15 to 19 years,,not required,"DP05_0007EA,
                DP05_0007M,
                DP05_0007MA",0,int,DP05
DP05_0008E,Estimate!!SEX AND AGE!!20 to 24 years,,not required,"DP05_0008EA,
                DP05_0008M,
                DP05_0008MA",0,int,DP05
DP05_0009E,Estimate!!SEX AND AGE!!25 to 34 years,,not required,"DP05_0009EA,
                DP05_0009M,
                DP05_0009MA",0,int,DP05
DP05_0010E,Estimate!!SEX AND AGE!!35 to 44 years,,not required,"DP05_0010EA,
                DP05_0010M,
                DP05_0010MA",0,int,DP05
DP05_0011E,Estimate!!SEX AND AGE!!45 to 54 years,,not required,"DP05_0011EA,
                DP05_0011M,
                DP05_0011MA",0,int,DP05
DP05_0012E,Estimate!!SEX AND AGE!!55 to 59 years,,not required,"DP05_0012EA,
                DP05_0012M,
                DP05_0012MA",0,int,DP05
DP05_0013E,Estimate!!SEX AND AGE!!60 to 64 years,,not required,"DP05_0013EA,
                DP05_0013M,
                DP05_0013MA",0,int,DP05
DP05_0014E,Estimate!!SEX AND AGE!!65 to 74 years,,not required,"DP05_0014EA,
                DP05_0014M,
                DP05_0014MA",0,int,DP05
DP05_0015E,Estimate!!SEX AND AGE!!75 to 84 years,,not required,"DP05_0015EA,
                DP05_0015M,
                DP05_0015MA",0,int,DP05
DP05_0016E,Estimate!!SEX AND AGE!!85 years and over,,not required,"DP05_0016EA,
                DP05_0016M,
                DP05_0016MA",0,int,DP05
DP05_0017E,Estimate!!SEX AND AGE!!Median age (years),,not required,"DP05_0017EA,
                DP05_0017M,
                DP05_0017MA",0,float,DP05
DP05_0018E,Estimate!!SEX AND AGE!!18 years and over,,not required,"DP05_0018EA,
                DP05_0018M,
                DP05_0018MA",0,int,DP05
DP05_0019E,Estimate!!SEX AND AGE!!21 years and over,,not required,"DP05_0019EA,
                DP05_0019M,
                DP05_0019MA",0,int,DP05
DP05_0020E,Estimate!!SEX AND AGE!!62 years and over,,not required,"DP05_0020EA,
                DP05_0020M,
                DP05_0020MA",0,int,DP05
DP05_0021E,Estimate!!SEX AND AGE!!65 years and over,,not required,"DP05_0021EA,
                DP05_0021M,
                DP05_0021MA",0,int,DP05
DP05_0022E,Estimate!!SEX AND AGE!!18 years and over,,not required,"DP05_0022EA,
                DP05_0022M,
                DP05_0022MA",0,int,DP05
DP05_0023E,Estimate!!SEX AND AGE!!Male,,not required,"DP05_0023EA,
                DP05_0023M,
                DP05_0023MA",0,int,DP05
DP05_0024E,Estimate!!SEX AND AGE!!Female,,not required,"DP05_0024EA,
                DP05_0024M,
                DP05_0024MA",0,int,DP05
DP05_0025E,Estimate!!SEX AND AGE!!65 years and over,,not required,"DP05_0025EA,
                DP05_0025M,
                DP05_0025MA",0,int,DP05
DP05_0026E,Estimate!!SEX AND AGE!!Male,,not required,"DP05_0026EA,
                DP05_0026M,
                DP05_0026MA",0,int,DP05
DP05_0027E,Estimate!!SEX AND AGE!!Female,,not required,"DP05_0027EA,
                DP05_0027M,
                DP05_0027MA",0,int,DP05
DP05_0028E,Estimate!!RACE!!Total population,,not required,"DP05_0028EA,
                DP05_0028M,
                DP05_0028MA",0,int,DP05
DP05_0029E,Estimate!!RACE!!One race,,not required,"DP05_0029EA,
                DP05_0029M,
                DP05_0029MA",0,int,DP05
DP05_0030E,Estimate!!RACE!!Two or more races,,not required,"DP05_0030EA,
                DP05_0030M,
                DP05_0030MA",0,int,DP05
DP05_0031E,Estimate!!RACE!!One race,,not required,"DP05_0031EA,
                DP05_0031M,
                DP05_0031MA",0,int,DP05
DP05_0032E,Estimate!!RACE!!One race!!White,,not required,"DP05_0032EA,
                DP05_0032M,
                DP05_0032MA",0,int,DP05
DP05_0033E,Estimate!!RACE!!One race!!Black or African American,,not required,"DP05_0033EA,
                DP05_0033M,
                DP05_0033MA",0,int,DP05
DP05_0034E,Estimate!!RACE!!One race!!American Indian and Alaska Native,,not required,"DP05_0034EA,
                DP05_0034M,
                DP05_0034MA",0,int,DP05
DP05_0035E,Estimate!!RACE!!One race!!American Indian and Alaska Native!!Cherokee tribal grouping,,not required,"DP05_0035EA,
                DP05_0035M,
                DP05_0035MA",0,int,DP05
DP05_0036E,Estimate!!RACE!!One race!!American Indian and Alaska Native!!Chippewa tribal grouping,,not required,"DP05_0036EA,
                DP05_0036M,
                DP05_0036MA",0,int,DP05
DP05_0037E,Estimate!!RACE!!One race!!American Indian and Alaska Native!!Navajo tribal grouping,,not required,"DP05_0037EA,
                DP05_0037M,
                DP05_0037MA",0,int,DP05
DP05_0038E,Estimate!!RACE!!One race!!American Indian and Alaska Native!!Sioux tribal grouping,,not required,"DP05_0038EA,
                DP05_0038M,
                DP05_0038MA",0,int,DP05
DP05_0039E,Estimate!!RACE!!One race!!Asian,,not required,"DP05_0039EA,
                DP05_0039M,
                DP05_0039MA",0,int,DP05
DP05_0040E,Estimate!!RACE!!One race!!Asian!!Asian Indian,,not required,"DP05_0040EA,
                DP05_0040M,
                DP05_0040MA",0,int,DP05
DP05_0041E,Estimate!!RACE!!One race!!Asian!!Chinese,,not required,"DP05_0041EA,
                DP05_0041M,
                DP05_0041MA",0,int,DP05
DP05_0042E,Estimate!!RACE!!One race!!Asian!!Filipino,,not required,"DP05_0042EA,
                DP05_0042M,
                DP05_0042MA",0,int,DP05
DP05_0043E,Estimate!!RACE!!One race!!Asian!!Japanese,,not required,"DP05_0043EA,
                DP05_0043M,
                DP05_0043MA",0,int,DP05
DP05_0044E,Estimate!!RACE!!One race!!Asian!!Korean,,not required,"DP05_0044EA,
                DP05_0044M,
                DP05_0044MA",0,int,DP05
DP05_0045E,Estimate!!RACE!!One race!!Asian!!Vietnamese,,not required,"DP05_0045EA,
                DP05_0045M,
                DP05_0045MA",0,int,DP05
DP05_0046E,Estimate!!RACE!!One race!!Asian!!Other Asian,,not required,"DP05_0046EA,
                DP05_0046M,
                DP05_0046MA",0,int,DP05
DP05_0047E,Estimate!!RACE!!One race!!Native Hawaiian and Other Pacific Islander,,not required,"DP05_0047EA,
                DP05_0047M,
                DP05_0047MA",0,int,DP05
DP05_0048E,Estimate!!RACE!!One race!!Native Hawaiian and Other Pacific Islander!!Native Hawaiian,,not required,"DP05_0048EA,
                DP05_0048M,
                DP05_0048MA",0,int,DP05
DP05_0049E,Estimate!!RACE!!One race!!Native Hawaiian and Other Pacific Islander!!Guamanian or Chamorro,,not required,"DP05_0049EA,
                DP05_0049M,
                DP05_0049MA",0,int,DP05
DP05_0050E,Estimate!!RACE!!One race!!Native Hawaiian and Other Pacific Islander!!Samoan,,not required,"DP05_0050EA,
                DP05_0050M,
                DP05_0050MA",0,int,DP05
DP05_0051E,Estimate!!RACE!!One race!!Native Hawaiian and Other Pacific Islander!!Other Pacific Islander,,not required,"DP05_0051EA,
                DP05_0051M,
                DP05_0051MA",0,int,DP05
DP05_0052E,Estimate!!RACE!!One race!!Some other race,,not required,"DP05_0052EA,
                DP05_0052M,
                DP05_0052MA",0,int,DP05
DP05_0053E,Estimate!!RACE!!Two or more races,,not required,"DP05_0053EA,
                DP05_0053M,
                DP05_0053MA",0,int,DP05
DP05_0054E,Estimate!!RACE!!Two or more races!!White and Black or African American,,not required,"DP05_0054EA,
                DP05_0054M,
                DP05_0054MA",0,int,DP05
DP05_0055E,Estimate!!RACE!!Two or more races!!White and American Indian and Alaska Native,,not required,"DP05_0055EA,
                DP05_0055M,
                DP05_0055MA",0,int,DP05
DP05_0056E,Estimate!!RACE!!Two or more races!!White and Asian,,not required,"DP05_0056EA,
                DP05_0056M,
                DP05_0056MA",0,int,DP05
DP05_0057E,Estimate!!RACE!!Two or more races!!Black or African American and American Indian and Alaska Native,,not required,"DP05_0057EA,
                DP05_0057M,
                DP05_0057MA",0,int,DP05
DP05_0058E,Estimate!!RACE!!Race alone or in combination with one or more other races!!Total population,,not required,"DP05_0058EA,
                DP05_0058M,
                DP05_0058MA",0,int,DP05
DP05_0059E,Estimate!!RACE!!White,,not required,"DP05_0059EA,
                DP05_0059M,
                DP05_0059MA",0,int,DP05
DP05_0060E,Estimate!!RACE!!Black or African American,,not required,"DP05_0060EA,
                DP05_0060M,
                DP05_0060MA",0,int,DP05
DP05_0061E,Estimate!!RACE!!American Indian and Alaska Native,,not required,"DP05_0061EA,
                DP05_0061M,
                DP05_0061MA",0,int,DP05
DP05_0062E,Estimate!!RACE!!Asian,,not required,"DP05_0062EA,
                DP05_0062M,
                DP05_0062MA",0,int,DP05
DP05_0063E,Estimate!!RACE!!Native Hawaiian and Other Pacific Islander,,not required,"DP05_0063EA,
                DP05_0063M,
                DP05_0063MA",0,int,DP05
DP05_0064E,Estimate!!RACE!!Some other race,,not required,"DP05_0064EA,
                DP05_0064M,
                DP05_0064MA",0,int,DP05
DP05_0065E,Estimate!!HISPANIC OR LATINO AND RACE!!Total population,,not required,"DP05_0065M,
                DP05_0065MA,
                DP05_0065EA",0,int,DP05
DP05_0066E,Estimate!!HISPANIC OR LATINO AND RACE!!Hispanic or Latino (of any race),,not required,"DP05_0066M,
                DP05_0066MA,
                DP05_0066EA",0,int,DP05
DP05_0067E,Estimate!!HISPANIC OR LATINO AND RACE!!Hispanic or Latino (of any race)!!Mexican,,not required,"DP05_0067M,
                DP05_0067MA,
                DP05_0067EA",0,int,DP05
DP05_0068E,Estimate!!HISPANIC OR LATINO AND RACE!!Hispanic or Latino (of any race)!!Puerto Rican,,not required,"DP05_0068M,
                DP05_0068MA,
                DP05_0068EA",0,int,DP05
DP05_0069E,Estimate!!HISPANIC OR LATINO AND RACE!!Hispanic or Latino (of any race)!!Cuban,,not required,"DP05_0069M,
                DP05_0069MA,
                DP05_0069EA",0,int,DP05
DP05_0070E,Estimate!!HISPANIC OR LATINO AND RACE!!Hispanic or Latino (of any race)!!Other Hispanic or Latino,,not required,"DP05_0070M,
                DP05_0070MA,
                DP05_0070EA",0,int,DP05
DP05_0071E,Estimate!!HISPANIC OR LATINO AND RACE!!Not Hispanic or Latino,,not required,"DP05_0071M,
                DP05_0071MA,
                DP05_0071EA",0,int,DP05
DP05_0072E,Estimate!!HISPANIC OR LATINO AND RACE!!Not Hispanic or Latino!!White alone,,not required,"DP05_0072M,
                DP05_0072MA,
                DP05_0072EA",0,int,DP05
DP05_0073E,Estimate!!HISPANIC OR LATINO AND RACE!!Not Hispanic or Latino!!Black or African American alone,,not required,"DP05_0073M,
                DP05_0073MA,
                DP05_0073EA",0,int,DP05
DP05_0074E,Estimate!!HISPANIC OR LATINO AND RACE!!Not Hispanic or Latino!!American Indian and Alaska Native alone,,not required,"DP05_0074M,
                DP05_0074MA,
                DP05_0074EA",0,int,DP05
DP05_0075E,Estimate!!HISPANIC OR LATINO AND RACE!!Not Hispanic or Latino!!Asian alone,,not required,"DP05_0075M,
                DP05_0075MA,
                DP05_0075EA",0,int,DP05
DP05_0076E,Estimate!!HISPANIC OR LATINO AND RACE!!Not Hispanic or Latino!!Native Hawaiian and Other Pacific Islander alone,,not required,"DP05_0076M,
                DP05_0076MA,
                DP05_0076EA",0,int,DP05
DP05_0077E,Estimate!!HISPANIC OR LATINO AND RACE!!Not Hispanic or Latino!!Some other race alone,,not required,"DP05_0077M,
                DP05_0077MA,
                DP05_0077EA",0,int,DP05
DP05_0078E,Estimate!!HISPANIC OR LATINO AND RACE!!Not Hispanic or Latino!!Two or more races,,not required,"DP05_0078M,
                DP05_0078MA,
                DP05_0078EA",0,int,DP05
DP05_0079E,Estimate!!HISPANIC OR LATINO AND RACE!!Not Hispanic or Latino!!Two or more races!!Two races including Some other race,,not required,"DP05_0079M,
                DP05_0079MA,
                DP05_0079EA",0,int,DP05
DP05_0080E,"Estimate!!HISPANIC OR LATINO AND RACE!!Not Hispanic or Latino!!Two or more races!!Two races excluding Some other race, and Three or more races",,not required,"DP05_0080M,
                DP05_0080MA,
                DP05_0080EA",0,int,DP05
DP05_0081E,Estimate!!Total housing units,,not required,"DP05_0081M,
                DP05_0081MA,
                DP05_0081EA",0,int,DP05
