filename,year,DP02_0001E,DP05_0068E,DP05_0069E,DP05_0062E,DP03_0034E,DP05_0033E,DP03_0062E,DP05_0073E,DP02_0037E,DP02_0059E,DP05_0071E,DP05_0065E,DP05_0072E,DP03_0064E,DP05_0063E,DP02_0067PE,DP02_0093E,DP02_0068E,DP03_0008E,DP02_0095E,DP03_0063E,DP02_0067E,DP02_0036E,DP03_0033E,DP05_0067E,DP02_0094E,DP05_0060E,DP05_0079E,DP03_0032E,DP05_0077E,DP05_0066E,DP05_0061E,DP03_0006E,DP05_0028E,DP05_0070E,DP02_0097E,DP02_0096E,DP02_0058E,DP03_0009PE,DP05_0001E
Springville_11022021_CityCouncil2yr.csv,2021,10258,387,588,,,35195,84699,5599,787,18789,,,35195,,,,,7419,16442,2441,99894,,,192,241,,,28073,15997,,,,17,,484,1340,,,2.7,35195
NewYorkCity_06222021_DEMBoroughPresidentBronx.csv,2021,525387,31783,69437,,,1443229,47036,814017,21559,943981,,,1443229,,,,,200268,657051,489783,69157,,,978,572513,,,123902,583452,,,,853,,4843,231033,,,11.2,1443229
NewYorkCity_06222021_DEMBoroughPresidentKings.csv,2021,997957,32212,369700,,,2679620,74692,506473,32190,1860601,,,2679620,,,,,751724,1359468,945466,114302,,,923,886411,,,966614,1260636,,,,1009,,5108,358499,,,7.3,2679620
NewYorkCity_06222021_DEMBoroughPresidentNewYork.csv,2021,772601,26798,228419,,,1645867,99880,428297,16607,1267630,,,1645867,,,,,795444,953371,462627,184058,,,942,288246,,,749800,888836,,,,326,,3575,212617,,,6.8,1645867
NewYorkCity_06222021_DEMBoroughPresidentQueens.csv,2021,816859,33434,658424,,,2360826,82431,661807,23609,1709759,,,2360826,,,,,594463,1236423,1112847,109287,,,833,475771,,,560919,1149568,,,,768,,7620,453213,,,7.0,2360826
NewYorkCity_06222021_REPBoroughPresidentQueens.csv,2021,816859,33434,658424,,,2360826,82431,661807,23609,1709759,,,2360826,,,,,594463,1236423,1112847,109287,,,833,475771,,,560919,1149568,,,,768,,7620,453213,,,7.0,2360826
NewYorkCity_06222021_DEMBoroughPresidentRichmond.csv,2021,170000,3926,61856,,,492925,96185,92411,5720,344639,,,492925,,,,,121775,239189,122426,122431,,,264,57456,,,285903,226190,,,,376,,275,38046,,,5.4,492925
NewYorkCity_06222021_REPBoroughPresidentRichmond.csv,2021,170000,3926,61856,,,492925,96185,92411,5720,344639,,,492925,,,,,121775,239189,122426,122431,,,264,57456,,,285903,226190,,,,376,,275,38046,,,5.4,492925
Albany_11082022_BoardofEducation.csv,2022,7746,361,7321,,,20027,124469,2367,198,13842,,,20027,,,,,10409,10688,5417,166873,,,37,1591,,,8852,10339,,,,19,,50,2526,,,3.3,20027
Albany_11082022_CityCouncil.csv,2022,7746,361,7321,,,20027,124469,2367,198,13842,,,20027,,,,,10409,10688,5417,166873,,,37,1591,,,8852,10339,,,,19,,50,2526,,,3.3,20027
Berkeley_11032020_MayorBerkeleyRCV.csv,2020,45788,2219,31581,,,121385,104716,14654,619,77160,,,121385,,,,,56907,65788,26086,160156,,,254,12021,,,63018,62190,,,,17,,563,14120,,,5.5,121385
Berkeley_11062012_Mayor.csv,2012,45569,,,26953,,,65283,,,,,115688,64553,,526,70.2,24070,,61109,14167,101774,,870,165,,,11669,,56064,,12564,1878,98,115688,,,,71341,8.3,115688
Berkeley_11062018_CityAuditor.csv,2018,45884,927,,,,123065,91259,,617,78378,13416,12929,,,,,,57332,67394,26148,136100,,,207,31274,,,,63884,65772,2482,,34,,123065,14764,,,5.2,123065
Berkeley_11082016_Mayor.csv,2016,44978,979,,,,120926,80912,,,,13772,12595,,,,,24889,,66574,14462,124789,54772,853,143,29569,,,,62909,65056,2241,,33,,120926,,,75035,5.5,120926
Burlington_03032009_Mayor.csv,2009,16773,,,1740,,,41024,,,,,42192,37305,,19,43.6,3549,,24565,1662,58632,,340,182,,,1796,,22568,,955,588,41,42192,,,,23632,8.1,42192
Burlington_03072006_Mayor.csv,2006,15156,,,1136,167,,,,,,,38630,35250,55951,9,(X),3133,,22805,1571,38598,,432,21129,,,1221,,,,693,327,34,38630,,,,20798,(X),38630
Corvallis_11082022_Mayor.csv,2022,24125,1418,7436,,,60050,61610,5219,368,32289,,,60050,,,,,19502,32304,7838,86174,,,462,1678,,,44665,29720,,,,30,,453,5409,,,8.0,60050
Easthampton_11022021_Mayor.csv,2021,7935,86,436,,,16136,67329,1277,48,12526,,,16136,,,,,4930,8548,1207,88267,,,97,760,,,13895,8089,,,,0,,0,308,,,5.4,16136
Eastpointe_11052019_CityCouncil.csv,2019,13373,5,,,,34148,52269,,347,23231,570,18240,,,,,,3531,16802,1078,62346,,,23,276,,,,14926,14459,373,,0,,34148,373,,,11.2,34148
ElkRidge_11022021_Mayor.csv,2021,1229,31,87,,,4658,126131,201,84,2529,,,4658,,,,,937,1989,68,141985,,,4,25,,,4232,1893,,,,0,,105,28,,,4.8,4658
LasCruces_11052019_MAYORCITYOFLASCRUCES.csv,2019,43995,216,,,,109934,47722,,1222,67763,67921,3839,,,,,,24690,50538,12109,64425,,,1002,2490,,,,46744,34731,3588,,238,,109934,6689,,,7.5,109934
Minneapolis_11022021_Mayor.csv,2021,185674,13186,28721,,,426877,76332,42067,5188,287404,,,426877,,,,,153769,259198,61781,108980,,,1193,92053,,,256323,244212,,,,368,,675,28106,,,5.8,426877
Minneapolis_11022021_ParkBoardAtLarge.csv,2021,185674,13186,28721,,,426877,76332,42067,5188,287404,,,426877,,,,,153769,259198,61781,108980,,,1193,92053,,,256323,244212,,,,368,,675,28106,,,5.8,426877
Minneapolis_11052013_Mayor.csv,2013,168385,,,28780,,,51480,,,,,399950,241066,,948,47.4,61918,,240754,36346,75185,,6375,1036,,,83922,,222453,,39857,11647,65,399950,,,,263897,7.6,399950
Minneapolis_11062009_Mayor.csv,2009,168273,,,23870,,,47478,,,,,381833,238110,,405,44.7,56744,,228833,36443,68190,,6324,632,,,75883,,207205,,36719,11925,81,381833,,,,250683,9.5,381833
Minneapolis_11072017_Mayor.csv,2017,176974,740,,,,420324,62583,,5943,280424,40432,91094,,,,,,141463,256184,,89282,,,952,30759,65579,,,243171,252180,11876,,65,,420324,,34946,,5.1,420324
Minnetonka_11022021_CityCouncilAtLargeSeatA.csv,2021,23402,391,4379,,,53529,114867,1750,627,39790,,,53529,,,,,25011,30473,5579,155963,,,119,2966,,,44140,29703,,,,0,,0,2525,,,2.5,53529
Minnetonka_11022021_CityCouncilAtLargeSeatB.csv,2021,23402,391,4379,,,53529,114867,1750,627,39790,,,53529,,,,,25011,30473,5579,155963,,,119,2966,,,44140,29703,,,,0,,0,2525,,,2.5,53529
Minnetonka_11022021_Mayor.csv,2021,23402,391,4379,,,53529,114867,1750,627,39790,,,53529,,,,,25011,30473,5579,155963,,,119,2966,,,44140,29703,,,,0,,0,2525,,,2.5,53529
NewYorkCity_06222021_DEMComptrollerCitywide.csv,2021,3282804,128153,1387836,,,8622467,76607,2503005,99685,6126610,,,8622467,,,,,2463674,4445502,3133149,122667,,,3940,2280397,,,2687138,4108682,,,,3332,,21421,1293408,,,7.6,8622467
NewYorkCity_06222021_DEMMayorCitywide.csv,2021,3282804,128153,1387836,,,8622467,76607,2503005,99685,6126610,,,8622467,,,,,2463674,4445502,3133149,122667,,,3940,2280397,,,2687138,4108682,,,,3332,,21421,1293408,,,7.6,8622467
NewYorkCity_06222021_DEMPublicAdvocateCitywide.csv,2021,3282804,128153,1387836,,,8622467,76607,2503005,99685,6126610,,,8622467,,,,,2463674,4445502,3133149,122667,,,3940,2280397,,,2687138,4108682,,,,3332,,21421,1293408,,,7.6,8622467
NewYorkCity_06222021_REPMayorCitywide.csv,2021,3282804,128153,1387836,,,8622467,76607,2503005,99685,6126610,,,8622467,,,,,2463674,4445502,3133149,122667,,,3940,2280397,,,2687138,4108682,,,,3332,,21421,1293408,,,7.6,8622467
Oakland_11022010_CityAuditor.csv,2010,154257,,,72858,,,51683,,,,,392890,102225,,4008,37.9,108109,,207904,62587,77888,,5689,622,,,116274,,183807,,99882,7828,338,392890,,,,271407,11.6,392890
Oakland_11022010_Mayor.csv,2010,154257,,,72858,,,51683,,,,,392890,102225,,4008,37.9,108109,,207904,62587,77888,,5689,622,,,116274,,183807,,99882,7828,338,392890,,,,271407,11.6,392890
Oakland_11032020_CityAttorneyOaklandRCV.csv,2020,170282,12005,84571,,,437825,94389,116550,5701,322918,,,437825,,,,,156333,247759,115087,139468,,,965,110157,,,126780,233396,,,,342,,4273,58022,,,5.8,437825
Oakland_11032020_MemberCityCouncilAtLargeOaklandRCV.csv,2020,170282,12005,84571,,,437825,94389,116550,5701,322918,,,437825,,,,,156333,247759,115087,139468,,,965,110157,,,126780,233396,,,,342,,4273,58022,,,5.8,437825
Oakland_11042014_CityAuditor.csv,2014,158937,,,77068,,,57778,,,,,412040,112685,,4613,39.7,112305,,227583,61131,87330,,6021,1060,,,115768,,206415,,109919,9187,182,412040,,,,292651,9.3,412040
Oakland_11042014_Mayor.csv,2014,158937,,,77068,,,57778,,,,,412040,112685,,4613,39.7,112305,,227583,61131,87330,,6021,1060,,,115768,,206415,,109919,9187,182,412040,,,,292651,9.3,412040
Oakland_11062012_CityAttorney.csv,2012,155918,,,76109,,,52962,,,,,402339,106736,,4071,38.6,108985,,216557,60414,80758,,5621,857,,,116598,,191072,,104122,9016,242,402339,,,,281250,11.8,402339
Oakland_11062012_CityCouncilAtLarge.csv,2012,155918,,,76109,,,52962,,,,,402339,106736,,4071,38.6,108985,,216557,60414,80758,,5621,857,,,116598,,191072,,104122,9016,242,402339,,,,281250,11.8,402339
Oakland_11062018_CityAuditor.csv,2018,160095,4817,,,,422575,80143,,5366,309242,113901,110160,,,,,,142451,239639,111966,116585,,,988,79293,,,,225325,120547,10103,,180,,422575,57789,,,6.0,422575
Oakland_11062018_Mayor.csv,2018,160095,4817,,,,422575,80143,,5366,309242,113901,110160,,,,,,142451,239639,111966,116585,,,988,79293,,,,225325,120547,10103,,180,,422575,57789,,,6.0,422575
Oakland_11082016_CouncilAtLrg.csv,2016,161483,5342,,,,421042,68442,,,,113134,113352,,,,,116179,,236412,62172,101853,129751,5590,1106,78302,,,,220792,118713,9522,,117,,421042,,,305097,6.6,421042
Oakland_11082022_Mayor.csv,2022,170282,12005,84571,,,437825,94389,116550,5701,322918,,,437825,,,,,156333,247759,115087,139468,,,965,110157,,,126780,233396,,,,342,,4273,58022,,,5.8,437825
Payson_11052019_CityCouncil.csv,2019,5852,345,,,,21093,75682,,318,10981,2753,269,,,,,,2712,10620,1196,88434,,,125,302,,,,10170,17220,350,,17,,21093,730,,,4.2,21093
Portland_06082021_charter_commission_at_large.csv,2021,283896,17509,72055,,,646101,85876,66368,5751,487190,,,646101,,,,,256001,389536,81652,117687,,,2082,51313,,,441135,367733,,,,186,,6938,34439,,,5.6,646101
Portland_06142022_SchoolboardAL.csv,2022,283896,17509,72055,,,646101,85876,66368,5751,487190,,,646101,,,,,256001,389536,81652,117687,,,2082,51313,,,441135,367733,,,,186,,6938,34439,,,5.6,646101
Portland_06142022_SchoolboardAL-1.csv,2022,283896,17509,72055,,,646101,85876,66368,5751,487190,,,646101,,,,,256001,389536,81652,117687,,,2082,51313,,,441135,367733,,,,186,,6938,34439,,,5.6,646101
SanFrancisco_11052019_DistrictAttorney.csv,2019,361222,6942,,,,865933,126187,,8238,688969,133241,58264,,,,,,410052,540475,295398,178742,,,872,333357,,,,511902,339050,12302,,286,,865933,110408,,,5.3,865933
SanFrancisco_11052019_Mayor.csv,2019,361222,6942,,,,865933,126187,,8238,688969,133241,58264,,,,,,410052,540475,295398,178742,,,872,333357,,,,511902,339050,12302,,286,,865933,110408,,,5.3,865933
SanFrancisco_11062007_Mayor.csv,2007,324185,,,264367,925,,,,,,,797271,355969,100898,5477,(X),274632,,474594,104222,70040,,8240,443142,,,59098,,,,113107,8922,292,797271,,,,623699,(X),797271
SanFrancisco_11062018_AssessorRecorder.csv,2018,362141,6880,,,,874784,119136,,8262,696575,132865,57920,,,,,,409341,547090,299510,167663,,,806,335512,,,,521465,348449,10692,,273,,874784,110101,,,4.7,874784
SanFrancisco_11082005_AssessorRecorder.csv,2005,324185,,,264367,925,,,,,,,797271,355969,100898,5477,(X),274632,,474594,104222,70040,,8240,443142,,,59098,,,,113107,8922,292,797271,,,,623699,(X),797271
SanFrancisco_11082005_Treasurer.csv,2005,324185,,,264367,925,,,,,,,797271,355969,100898,5477,(X),274632,,474594,104222,70040,,8240,443142,,,59098,,,,113107,8922,292,797271,,,,623699,(X),797271
SanFrancisco_11082011_DistrictAttorney.csv,2011,345344,,,293485,,,75604,,,,,817501,341100,,6634,52.4,290752,,497993,112220,110208,,8350,1001,,,55821,,456845,,124167,9813,300,817501,,,,635411,8.3,817501
SanFrancisco_11082011_Mayor.csv,2011,345344,,,293485,,,75604,,,,,817501,341100,,6634,52.4,290752,,497993,112220,110208,,8350,1001,,,55821,,456845,,124167,9813,300,817501,,,,635411,8.3,817501
SanFrancisco_11082011_Sheriff.csv,2011,345344,,,293485,,,75604,,,,,817501,341100,,6634,52.4,290752,,497993,112220,110208,,8350,1001,,,55821,,456845,,124167,9813,300,817501,,,,635411,8.3,817501
SanFrancisco_11082022_DistrictAttorney.csv,2022,360842,12848,331359,,,851036,136689,131517,8097,680343,,,851036,,,,,406774,526058,288169,197408,,,846,58145,,,325900,497881,,,,388,,6945,107197,,,5.4,851036
SanFrancisco_11082022_PublicDefender.csv,2022,360842,12848,331359,,,851036,136689,131517,8097,680343,,,851036,,,,,406774,526058,288169,197408,,,846,58145,,,325900,497881,,,,388,,6945,107197,,,5.4,851036
SanLeandro_11022010_Mayor.csv,2010,30179,,,25910,,,62195,,,,,84966,22049,,1581,26.4,27677,,46210,12036,75190,,1183,29,,,13027,,40947,,23259,1745,84,84966,,,,59259,11.4,84966
SanLeandro_11042014_Mayor.csv,2014,31864,,,31268,,,64065,,,,,89039,21178,,1572,28.8,32110,,48407,13070,82542,,1239,137,,,12051,,45109,,24431,2287,41,89039,,,,63037,6.8,89039
SanLeandro_11062018_Mayor.csv,2018,31274,2346,,,,90489,86604,,954,66908,24074,11638,,,,,,21136,49633,32472,105070,,,187,34385,,,,47158,20561,2382,,57,,90489,12478,,,5.0,90489
SantaFe_03062018_Mayor.csv,2018,36096,323,,,,84418,57274,,826,61897,46166,1716,,,,,,26022,42874,11979,82310,,,358,1792,,,,40800,33693,2328,,138,,84418,8134,,,4.8,84418
Springville_11022021_Mayor.csv,2021,10258,387,588,,,35195,84699,5599,787,18789,,,35195,,,,,7419,16442,2441,99894,,,192,241,,,28073,15997,,,,17,,484,1340,,,2.7,35195
TakomaPark_11082022_Mayor.csv,2022,6898,330,1339,,,17542,95316,2147,361,11992,,,17542,,,,,7268,9789,5336,139050,,,23,6557,,,7391,9290,,,,0,,21,2544,,,5.1,17542
Vineyard_11022021_Mayor.csv,2021,4068,418,468,,,12663,94018,1740,317,6144,,,12663,,,,,2705,7573,1173,119268,,,53,328,,,9673,7434,,,,0,,407,721,,,1.8,12663
Vineyard_11052019_CityCouncil.csv,2019,3653,270,,,,11579,86355,,304,5514,1138,362,,,,,,2510,6332,857,104805,,,29,348,,,,6194,9440,107,,0,,11579,348,,,2.2,11579
WoodlandHills_11022021_Mayor.csv,2021,355,7,18,,,1329,130096,89,4,831,,,1329,,,,,403,610,26,162499,,,3,14,,,1219,596,,,,0,,10,7,,,2.3,1329
PierceCounty_11032009_CountyAuditor.csv,2009,297839,,,66591,,,58824,,,,,791528,560440,,15378,23.6,76096,,390057,35941,72808,,12267,2532,,,72917,,352720,,70279,23383,20098,791528,,,,513521,9.6,791528
PierceCounty_11042008_CountyAssessorTreasurer.csv,2008,295554,,,64284,,,57869,,,,,782681,558424,,14207,23.4,73334,,384870,35417,70845,,12189,2598,,,71669,,352708,,66909,23298,20611,782681,,,,506145,8.4,782681
PierceCounty_11042008_CountyExecutiveMember.csv,2008,295554,,,64284,,,57869,,,,,782681,558424,,14207,23.4,73334,,384870,35417,70845,,12189,2598,,,71669,,352708,,66909,23298,20611,782681,,,,506145,8.4,782681
SanFrancisco_06052018_Mayor.csv,2018,362141,6880,,,,874784,119136,,8262,696575,132865,57920,,,,,,409341,547090,299510,167663,,,806,335512,,,,521465,348449,10692,,273,,874784,110101,,,4.7,874784
SanFrancisco_11032015_Mayor.csv,2015,358772,6453,,,,864263,96265,,,,131949,55436,,,,55.8,300542,,534016,112504,137761,,8654,1124,322008,,,,504914,353000,10020,,415,,864263,,,683074,5.4,864263
Portland_06142022_Schoolboarddistrict5-1.csv,2022,283896,17509,72055,,,646101,85876,66368,5751,487190,,,646101,,,,,256001,389536,81652,117687,,,2082,51313,,,441135,367733,,,,186,,6938,34439,,,5.6,646101
Portland_11082022_SchoolBoardDistrict3.csv,2022,283896,17509,72055,,,646101,85876,66368,5751,487190,,,646101,,,,,256001,389536,81652,117687,,,2082,51313,,,441135,367733,,,,186,,6938,34439,,,5.6,646101
SanFrancisco_11032015_Sheriff.csv,2015,358772,6453,,,,864263,96265,,,,131949,55436,,,,55.8,300542,,534016,112504,137761,,8654,1124,322008,,,,504914,353000,10020,,415,,864263,,,683074,5.4,864263
Alaska_04102020_PRESIDENTOFTHEUNITEDSTATES.csv,2020,264376,148814,65609,,,734821,86370,54890,10454,485871,,,734821,,,,,149397,362197,58074,110602,,,16466,38219,,,428802,339162,,,,20881,,17026,22723,,,6.4,734821
Alaska_08162022_HouseofRepresentativesSpecial.csv,2022,264376,148814,65609,,,734821,86370,54890,10454,485871,,,734821,,,,,149397,362197,58074,110602,,,16466,38219,,,428802,339162,,,,20881,,17026,22723,,,6.4,734821
Alaska_11082022_GovernorLieutenantGovernor.csv,2022,264376,148814,65609,,,734821,86370,54890,10454,485871,,,734821,,,,,149397,362197,58074,110602,,,16466,38219,,,428802,339162,,,,20881,,17026,22723,,,6.4,734821
Alaska_11082022_USRepresentative.csv,2022,264376,148814,65609,,,734821,86370,54890,10454,485871,,,734821,,,,,149397,362197,58074,110602,,,16466,38219,,,428802,339162,,,,20881,,17026,22723,,,6.4,734821
Alaska_11082022_USSenator.csv,2022,264376,148814,65609,,,734821,86370,54890,10454,485871,,,734821,,,,,149397,362197,58074,110602,,,16466,38219,,,428802,339162,,,,20881,,17026,22723,,,6.4,734821
Hawaii_05232020_PresidentoftheUnitedStateCD1.csv,2020,483906,36846,821784,,,1450589,94814,159023,18055,1022529,,,1450589,,,,,354983,710984,261370,122902,,,8718,54780,,,305224,675071,,,,49403,,386769,104192,,,5.1,1450589
Hawaii_05232020_PresidentoftheUnitedStateCD1CD2.csv,2020,483906,36846,821784,,,1450589,94814,159023,18055,1022529,,,1450589,,,,,354983,710984,261370,122902,,,8718,54780,,,305224,675071,,,,49403,,386769,104192,,,5.1,1450589
Hawaii_05232020_PresidentoftheUnitedStateCD2.csv,2020,483906,36846,821784,,,1450589,94814,159023,18055,1022529,,,1450589,,,,,354983,710984,261370,122902,,,8718,54780,,,305224,675071,,,,49403,,386769,104192,,,5.1,1450589
Kansas_05022020_PRESIDENTOFTHEUNITEDSTATES.csv,2020,1148635,73411,113969,,,2935922,69747,369970,39789,1926520,,,2935922,,,,,668265,1513506,207290,94263,,,45229,221627,,,2179129,1452870,,,,20203,,7077,118995,,,4.0,2935922
Maine_06122018_DemocraticPrimaryforGovernor.csv,2018,569551,1460,,,,1340825,59489,,14221,982385,23143,27832,,,,,,319175,704226,48139,78301,,,16541,23244,,,,675784,1242113,23349,,1994,,1340825,21731,,,4.0,1340825
Wyoming_04172020_PRESIDENTOFTHEUNITEDSTATES.csv,2020,234156,21788,8840,,,577929,72495,60518,7955,391802,,,577929,,,,,113581,299351,19756,94901,,,28097,9712,,,476921,287895,,,,3487,,1862,11849,,,3.8,577929
Portland_06142022_Schoolboarddistrict5.csv,2022,283896,17509,72055,,,646101,85876,66368,5751,487190,,,646101,,,,,256001,389536,81652,117687,,,2082,51313,,,441135,367733,,,,186,,6938,34439,,,5.6,646101
SanFrancisco_11082022_AssessorRecorder.csv,2022,360842,12848,331359,,,851036,136689,131517,8097,680343,,,851036,,,,,406774,526058,288169,197408,,,846,58145,,,325900,497881,,,,388,,6945,107197,,,5.4,851036
Minneapolis_11062009_BoardofEstimateandTaxation.csv,2009,168273,,,23870,,,47478,,,,,381833,238110,,405,44.7,56744,,228833,36443,68190,,6324,632,,,75883,,207205,,36719,11925,81,381833,,,,250683,9.5,381833
Minneapolis_11072017_BoardofEstimateandTaxation.csv,2017,176974,740,,,,420324,62583,,5943,280424,40432,91094,,,,,,141463,256184,,89282,,,952,30759,65579,,,243171,252180,11876,,65,,420324,,34946,,5.1,420324
Minneapolis_11022021_BoardofEstimateandTaxationAtLarge.csv,2021,185674,13186,28721,,,426877,76332,42067,5188,287404,,,426877,,,,,153769,259198,61781,108980,,,1193,92053,,,256323,244212,,,,368,,675,28106,,,5.8,426877
Minneapolis 2013-board of estimation and taxation cvr.csv,2013,168385,,,28780,,,51480,,,,,399950,241066,,948,47.4,61918,,240754,36346,75185,,6375,1036,,,83922,,222453,,39857,11647,65,399950,,,,263897,7.6,399950
SanFrancisco_11052019_CityAttorney.csv,2019,361222,6942,,,,865933,126187,,8238,688969,133241,58264,,,,,,410052,540475,295398,178742,,,872,333357,,,,511902,339050,12302,,286,,865933,110408,,,5.3,865933
Oakland_11082016_CityAttorney.csv,2016,161483,5342,,,,421042,68442,,,,113134,113352,,,,,116179,,236412,62172,101853,129751,5590,1106,78302,,,,220792,118713,9522,,117,,421042,,,305097,6.6,421042
Oakland_11082022_CityAuditor.csv,2022,170282,12005,84571,,,437825,94389,116550,5701,322918,,,437825,,,,,156333,247759,115087,139468,,,965,110157,,,126780,233396,,,,342,,4273,58022,,,5.8,437825
Berkeley_11042014_CityAuditor.csv,2014,45923,,,27491,,,70393,,,,,118585,65771,,620,71.8,24418,,65764,14088,109218,,881,216,,,12382,,60995,,13187,2102,80,118585,,,,73944,7.3,118585
Berkeley_11022010_CityAuditor.csv,2010,44877,,,25747,,,63505,,,,,112662,62488,,609,69.5,24468,,59144,14438,96098,,890,217,,,11828,,54592,,12516,1746,58,112662,,,,69459,7.7,112662
Cambridge_11152019_CityCouncil.csv,2019,47777,295,,,,116892,112565,,1171,78944,10265,14577,,,,,,63138,72011,34073,154448,,,103,24619,,,,69314,67193,921,,120,,116892,20565,,,3.7,116892
Cambridge_11072017_CityCouncil.csv,2017,46835,236,,,,116632,103154,,1247,79240,11066,14219,,,,,,62628,73312,,139991,,,87,22252,33701,,,70348,69795,903,,111,,116632,,21325,,4.0,116632
Cambridge_11082005_CityCouncil.csv,2005,47100,,,14377,92,,,,,,,106255,70633,95925,241,(X),27316,,63580,17246,64420,,1330,60440,,,13413,,,,7829,941,369,106255,,,,75217,(X),106255
Cambridge_11082011_CityCouncil.csv,2011,44345,,,16845,,,72529,,,,,105737,66764,,144,73.5,29243,,63778,17540,108729,,1414,79,,,14120,,59904,,8198,1191,274,105737,,,,72386,6.1,105737
Cambridge_11072023_CityCouncil.csv,2023,49475,1021,26098,,,117962,121539,10302,1068,79997,,,117962,,,,,63931,73356,34750,169569,,,166,15066,,,66070,70910,,,,152,,285,21007,,,3.3,117962
Eastpointe_11022021_CityCouncil.csv,2021,13232,343,376,,,34087,57953,585,398,22988,,,34087,,,,,3423,16611,1047,68607,,,0,19179,,,13363,14600,,,,0,,38,356,,,12.1,34087
Cambridge_11032009_CityCouncil.csv,2009,45386,,,15859,,,69017,,,,,104322,67039,,163,73.1,28612,,62760,17963,102960,,1538,66,,,13953,,59018,,7555,958,311,104322,,,,72507,6.0,104322
Cambridge_11052013_CityCouncil.csv,2013,43801,,,18428,,,79416,,,,,107916,67973,,232,75.1,29231,,66288,17696,115608,,1291,71,,,13090,,62998,,8670,1070,68,107916,,,,72618,5.0,107916
Cambridge_11062007_CityCouncil.csv,2007,47100,,,14377,92,,,,,,,106255,70633,95925,241,(X),27316,,63580,17246,64420,,1330,60440,,,13413,,,,7829,941,369,106255,,,,75217,(X),106255
Cambridge_11042003_CityCouncil.csv,2003,47100,,,14377,92,,,,,,,106255,70633,95925,241,(X),27316,,63580,17246,64420,,1330,60440,,,13413,,,,7829,941,369,106255,,,,75217,(X),106255
Cambridge_11062001_CityCouncil.csv,2001,47100,,,14377,92,,,,,,,106255,70633,95925,241,(X),27316,,63580,17246,64420,,1330,60440,,,13413,,,,7829,941,369,106255,,,,75217,(X),106255
Cambridge_11032015_CityCouncil.csv,2015,44234,285,,,,110893,89145,,,,9707,13823,,,,76.5,31305,,68731,19809,125041,,1210,120,19703,,,,65165,68330,931,,64,,110893,,,74490,5.2,110893
Vineyard_11052019_CityCouncil_tab1.csv,2019,3653,270,,,,11579,86355,,304,5514,1138,362,,,,,,2510,6332,857,104805,,,29,348,,,,6194,9440,107,,0,,11579,348,,,2.2,11579
Springville_11022021_CityCouncil4yr.csv,2021,10258,387,588,,,35195,84699,5599,787,18789,,,35195,,,,,7419,16442,2441,99894,,,192,241,,,28073,15997,,,,17,,484,1340,,,2.7,35195
Vineyard_11052019_CityCouncil_tab2.csv,2019,3653,270,,,,11579,86355,,304,5514,1138,362,,,,,,2510,6332,857,104805,,,29,348,,,,6194,9440,107,,0,,11579,348,,,2.2,11579
WoodlandHills_11022021_CityCouncil.csv,2021,355,7,18,,,1329,130096,89,4,831,,,1329,,,,,403,610,26,162499,,,3,14,,,1219,596,,,,0,,10,7,,,2.3,1329
Vineyard_11022021_CityCouncil.csv,2021,4068,418,468,,,12663,94018,1740,317,6144,,,12663,,,,,2705,7573,1173,119268,,,53,328,,,9673,7434,,,,0,,407,721,,,1.8,12663
Payson_11052019_CityCouncil_tab2.csv,2019,5852,345,,,,21093,75682,,318,10981,2753,269,,,,,,2712,10620,1196,88434,,,125,302,,,,10170,17220,350,,17,,21093,730,,,4.2,21093
Payson_11052019_CityCouncil_tab1.csv,2019,5852,345,,,,21093,75682,,318,10981,2753,269,,,,,,2712,10620,1196,88434,,,125,302,,,,10170,17220,350,,17,,21093,730,,,4.2,21093
Genola_11022021_CityCouncil.csv,2021,406,9,5,,,1648,126500,59,28,839,,,1648,,,,,200,753,20,131830,,,18,0,,,1476,743,,,,3,,99,18,,,1.3,1648
Moab_11022021_CityCouncil.csv,2021,2284,242,78,,,5329,52385,910,143,3753,,,5329,,,,,1253,3277,472,70512,,,41,2,,,3946,3205,,,,0,,130,347,,,2.2,5329
Lehi_11022021_CityCouncil.csv,2021,21250,377,3218,,,77110,117243,5925,1314,40128,,,77110,,,,,19417,37950,4241,141228,,,149,705,,,66299,36282,,,,177,,1175,2294,,,4.4,77110
Payson_11052019_CityCouncil_tab3.csv,2019,5852,345,,,,21093,75682,,318,10981,2753,269,,,,,,2712,10620,1196,88434,,,125,302,,,,10170,17220,350,,17,,21093,730,,,4.2,21093
Albany_11082022_FAKECityCouncil.csv,2022,43435,1588,7911,,,99692,54736,9907,1147,62496,,,99692,,,,,26849,55372,14721,76486,,,125,32949,,,50469,50931,,,,59,,159,6993,,,8.0,99692
Bloomington_11072023_SpecialCityCouncilAtLarge.csv,2023,37653,1620,6264,,,89244,87381,7738,1042,65063,,,89244,,,,,29189,50831,12403,110574,,,260,12109,,,61340,48589,,,,79,,243,5645,,,4.4,89244
Boulder_11072023_Mayor.csv,2023,43658,1582,8079,,,106598,80243,11452,547,60126,,,106598,,,,,46028,61397,10969,132935,,,483,2022,,,83303,58063,,,,27,,225,6233,,,5.4,106598
Burlington_03052024_Mayor.csv,2024,17448,191,2294,,,44646,64931,1457,403,24354,,,44646,,,,,14684,26151,3434,93790,,,251,2314,,,38367,24920,,,,59,,26,1452,,,4.7,44646
Minneapolis_11052013_ParkRecBoardAtLarge.csv,2013,168385,,,28780,,,51480,,,,,399950,241066,,948,47.4,61918,,240754,36346,75185,,6375,1036,,,83922,,222453,,39857,11647,65,399950,,,,263897,7.6,399950
Minneapolis_11062009_MinneapolisParkRecBoard.csv,2009,168273,,,23870,,,47478,,,,,381833,238110,,405,44.7,56744,,228833,36443,68190,,6324,632,,,75883,,207205,,36719,11925,81,381833,,,,250683,9.5,381833
Minneapolis_11072017_ParkBoardAtLarge.csv,2017,176974,740,,,,420324,62583,,5943,280424,40432,91094,,,,,,141463,256184,,89282,,,952,30759,65579,,,243171,252180,11876,,65,,420324,,34946,,5.1,420324
SanFrancisco_11052019_PublicDefender.csv,2019,361222,6942,,,,865933,126187,,8238,688969,133241,58264,,,,,,410052,540475,295398,178742,,,872,333357,,,,511902,339050,12302,,286,,865933,110408,,,5.3,865933
SanFrancisco_11062018_PublicDefender.csv,2018,362141,6880,,,,874784,119136,,8262,696575,132865,57920,,,,,,409341,547090,299510,167663,,,806,335512,,,,521465,348449,10692,,273,,874784,110101,,,4.7,874784
Cambridge_11072023_SchoolBoard.csv,2023,49475,1021,26098,,,117962,121539,10302,1068,79997,,,117962,,,,,63931,73356,34750,169569,,,166,15066,,,66070,70910,,,,152,,285,21007,,,3.3,117962
Cambridge_11082005_SchoolCommittee.csv,2005,47100,,,14377,92,,,,,,,106255,70633,95925,241,(X),27316,,63580,17246,64420,,1330,60440,,,13413,,,,7829,941,369,106255,,,,75217,(X),106255
Cambridge_11032015_SchoolCommittee.csv,2015,44234,285,,,,110893,89145,,,,9707,13823,,,,76.5,31305,,68731,19809,125041,,1210,120,19703,,,,65165,68330,931,,64,,110893,,,74490,5.2,110893
Cambridge_11042003_SchoolCommittee.csv,2003,47100,,,14377,92,,,,,,,106255,70633,95925,241,(X),27316,,63580,17246,64420,,1330,60440,,,13413,,,,7829,941,369,106255,,,,75217,(X),106255
Cambridge_11152019_SchoolCommittee.csv,2019,47777,295,,,,116892,112565,,1171,78944,10265,14577,,,,,,63138,72011,34073,154448,,,103,24619,,,,69314,67193,921,,120,,116892,20565,,,3.7,116892
Cambridge_11082011_SchoolCommittee.csv,2011,44345,,,16845,,,72529,,,,,105737,66764,,144,73.5,29243,,63778,17540,108729,,1414,79,,,14120,,59904,,8198,1191,274,105737,,,,72386,6.1,105737
Cambridge_11062007_SchoolCommittee.csv,2007,47100,,,14377,92,,,,,,,106255,70633,95925,241,(X),27316,,63580,17246,64420,,1330,60440,,,13413,,,,7829,941,369,106255,,,,75217,(X),106255
Cambridge_11052013_SchoolCommittee.csv,2013,43801,,,18428,,,79416,,,,,107916,67973,,232,75.1,29231,,66288,17696,115608,,1291,71,,,13090,,62998,,8670,1070,68,107916,,,,72618,5.0,107916
Cambridge_11072017_SchoolCommittee.csv,2017,46835,236,,,,116632,103154,,1247,79240,11066,14219,,,,,,62628,73312,,139991,,,87,22252,33701,,,70348,69795,903,,111,,116632,,21325,,4.0,116632
SanFrancisco_11052019_Sheriff.csv,2019,361222,6942,,,,865933,126187,,8238,688969,133241,58264,,,,,,410052,540475,295398,178742,,,872,333357,,,,511902,339050,12302,,286,,865933,110408,,,5.3,865933
SanFrancisco_11052019_Treasurer.csv,2019,361222,6942,,,,865933,126187,,8238,688969,133241,58264,,,,,,410052,540475,295398,178742,,,872,333357,,,,511902,339050,12302,,286,,865933,110408,,,5.3,865933
